order_id,distance_km,weather,traffic_level,time_of_day,vehicle_type,prep_time_min,courier_experience_yrs,delivery_time_min,restaurant_id,order_ts,order_date
522,7.93,Windy,Low,Afternoon,Scooter,12,1.0,43,655,2026-08-20 14:48:00,2026-08-20
738,16.42,Clear,Medium,Evening,Bike,20,2.0,84,115,2026-08-21 20:17:00,2026-08-21
741,9.52,Foggy,Low,Night,Scooter,28,1.0,59,26,2026-08-22 22:16:00,2026-08-22
661,7.44,Rainy,Medium,Afternoon,Scooter,5,1.0,37,760,2026-08-23 12:30:00,2026-08-23
412,19.03,Clear,Low,Morning,Bike,16,5.0,68,282,2026-08-24 06:47:00,2026-08-24
679,19.4,Clear,Low,Evening,Scooter,8,9.0,57,251,2026-08-25 17:22:00,2026-08-25
627,9.52,Clear,Low,,Bike,12,1.0,49,229,2026-08-26 11:41:00,2026-08-26
514,17.39,Clear,Medium,Evening,Scooter,5,6.0,46,143,2026-08-27 17:49:00,2026-08-27
860,1.78,Snowy,Low,Evening,Car,20,6.0,35,755,2026-08-28 17:48:00,2026-08-28
137,10.62,Foggy,Low,Evening,Scooter,29,1.0,73,105,2026-08-29 17:15:00,2026-08-29
812,16.86,Snowy,Medium,Afternoon,Car,13,4.0,88,693,2026-08-30 13:53:00,2026-08-30
77,15.54,Clear,Low,Night,Bike,29,1.0,76,759,2026-08-31 21:39:00,2026-08-31
637,10.89,Clear,High,Night,Bike,12,5.0,53,914,2026-09-01 21:15:00,2026-09-01
974,4.69,Rainy,Medium,Evening,Scooter,12,7.0,36,559,2026-09-02 18:30:00,2026-09-02
939,2.8,Clear,High,Morning,Scooter,10,,33,90,2026-09-03 11:07:00,2026-09-03
900,2.17,Snowy,Low,Evening,Car,15,3.0,35,605,2026-09-04 18:29:00,2026-09-04
281,17.86,Rainy,Low,Afternoon,Bike,5,1.0,50,433,2026-09-05 14:49:00,2026-09-05
884,2.53,Snowy,Low,Morning,Bike,6,8.0,24,33,2026-09-06 08:10:00,2026-09-06
762,6.58,Foggy,Low,Evening,Car,6,7.0,27,31,2026-09-07 17:49:00,2026-09-07
320,5.38,Clear,Medium,Evening,Scooter,26,1.0,47,96,2026-09-08 18:19:00,2026-09-08
550,15.56,Rainy,Low,Afternoon,Scooter,28,0.0,72,224,2026-09-09 12:37:00,2026-09-09
175,13.08,Rainy,Low,Morning,Car,16,4.0,58,239,2026-08-20 06:59:00,2026-08-20
372,0.86,Clear,High,Afternoon,Bike,26,5.0,37,518,2026-08-21 14:36:00,2026-08-21
528,5.83,Clear,High,Evening,Car,27,9.0,56,617,2026-08-22 20:25:00,2026-08-22
211,11.2,Clear,Medium,Morning,Bike,23,,73,28,2026-08-23 11:12:00,2026-08-23
236,14.59,Clear,Medium,Morning,Bike,15,6.0,64,575,2026-08-24 06:37:00,2026-08-24
102,12.91,Windy,Medium,Evening,Bike,11,6.0,56,204,2026-08-25 18:06:00,2026-08-25
987,13.92,Snowy,Low,Morning,Scooter,18,4.0,70,734,2026-08-26 11:49:00,2026-08-26
903,4.04,Snowy,Low,Night,Bike,11,9.0,70,666,2026-08-27 22:54:00,2026-08-27
948,18.05,Clear,Medium,Evening,Scooter,10,7.0,123,719,2026-08-28 17:50:00,2026-08-28
347,12.88,Clear,Medium,Morning,Scooter,8,5.0,52,559,2026-08-29 10:50:00,2026-08-29
140,19.45,Rainy,High,Morning,Scooter,20,6.0,108,430,2026-08-30 06:22:00,2026-08-30
622,4.58,Clear,High,Morning,Scooter,22,9.0,45,226,2026-08-31 10:27:00,2026-08-31
500,19.73,Foggy,Medium,Evening,Bike,27,4.0,111,460,2026-09-01 19:04:00,2026-09-01
371,2.47,Windy,Medium,Morning,Bike,27,2.0,44,604,2026-09-02 10:41:00,2026-09-02
199,17.8,Snowy,Medium,Morning,Bike,16,9.0,73,285,2026-09-03 08:00:00,2026-09-03
688,5.96,Clear,Medium,Afternoon,Bike,22,7.0,45,829,2026-09-04 15:52:00,2026-09-04
585,12.85,Windy,Medium,Afternoon,Scooter,18,7.0,61,891,2026-09-05 15:06:00,2026-09-05
902,1.02,Clear,Medium,Afternoon,Bike,25,4.0,34,7,2026-09-06 15:23:00,2026-09-06
60,6.84,Rainy,Medium,Night,Car,14,8.0,47,778,2026-09-07 23:57:00,2026-09-07
329,8.68,Rainy,Medium,Morning,Bike,8,5.0,52,826,2026-09-08 09:45:00,2026-09-08
97,10.69,Clear,Medium,Night,Bike,25,9.0,67,164,2026-09-09 21:27:00,2026-09-09
313,0.99,,Medium,Evening,Bike,15,,32,715,2026-08-20 18:46:00,2026-08-20
975,1.11,Clear,Low,Morning,Bike,5,6.0,8,433,2026-08-21 10:41:00,2026-08-21
300,2.16,Snowy,Low,Evening,Scooter,15,0.0,36,349,2026-08-22 19:39:00,2026-08-22
278,13.17,Windy,Medium,Afternoon,Bike,16,4.0,67,285,2026-08-23 16:49:00,2026-08-23
925,8.79,Snowy,Low,Night,Bike,14,6.0,43,160,2026-08-24 22:29:00,2026-08-24
602,5.93,Clear,Low,Afternoon,Scooter,19,3.0,36,221,2026-08-25 15:52:00,2026-08-25
440,2.09,Rainy,Low,Night,Bike,23,2.0,36,981,2026-08-26 23:37:00,2026-08-26
838,7.57,Clear,Low,Morning,Bike,21,0.0,56,782,2026-08-27 08:20:00,2026-08-27
571,10.52,Rainy,Medium,Afternoon,Scooter,8,4.0,56,345,2026-08-28 13:53:00,2026-08-28
880,4.83,Rainy,Low,Morning,Car,25,9.0,47,105,2026-08-29 06:17:00,2026-08-29
262,19.81,Snowy,Medium,Afternoon,Car,20,5.0,104,95,2026-08-30 15:15:00,2026-08-30
579,10.1,Rainy,Low,Evening,Car,8,4.0,50,390,2026-08-31 20:36:00,2026-08-31
24,7.64,Windy,Low,Afternoon,Car,10,8.0,31,100,2026-09-01 16:42:00,2026-09-01
31,12.35,Clear,Low,Morning,Scooter,10,6.0,35,368,2026-09-02 09:21:00,2026-09-02
618,5.9,Rainy,Low,Evening,Car,26,9.0,44,868,2026-09-03 17:31:00,2026-09-03
11,0.9,Clear,Low,Afternoon,Bike,20,8.0,23,353,2026-09-04 14:11:00,2026-09-04
222,11.58,Clear,Medium,Morning,Scooter,16,2.0,61,619,2026-09-05 09:13:00,2026-09-05
821,16.16,Clear,High,Afternoon,Bike,11,1.0,82,271,2026-09-06 14:51:00,2026-09-06
297,15.51,Clear,Low,Evening,Bike,17,9.0,69,827,2026-09-07 19:21:00,2026-09-07
55,12.16,Windy,High,Evening,Scooter,11,0.0,69,45,2026-09-08 19:56:00,2026-09-08
543,4.96,Rainy,High,Morning,Bike,21,0.0,60,748,2026-09-09 10:44:00,2026-09-09
210,3.64,Windy,High,Evening,Bike,17,6.0,40,471,2026-08-20 19:35:00,2026-08-20
605,2.85,Clear,Low,Morning,Scooter,26,0.0,38,550,2026-08-21 06:33:00,2026-08-21
693,10.4,Clear,Low,Evening,Bike,16,4.0,52,128,2026-08-22 18:05:00,2026-08-22
663,12.31,Windy,Low,Morning,Bike,29,4.0,68,997,2026-08-23 07:46:00,2026-08-23
867,3.53,Clear,Medium,Afternoon,Bike,13,7.0,31,945,2026-08-24 15:31:00,2026-08-24
71,15.56,Clear,Medium,Evening,Bike,14,3.0,54,388,2026-08-25 18:44:00,2026-08-25
544,13.6,Clear,Medium,Afternoon,Bike,27,0.0,87,81,2026-08-26 15:41:00,2026-08-26
108,15.23,Snowy,High,Morning,Bike,5,0.0,62,566,2026-08-27 11:31:00,2026-08-27
494,4.17,,Low,Evening,Scooter,5,1.0,22,301,2026-08-28 20:50:00,2026-08-28
591,3.21,Rainy,High,Night,Scooter,16,0.0,42,850,2026-08-29 21:05:00,2026-08-29
742,6.38,Snowy,Low,Evening,Bike,16,1.0,111,644,2026-08-30 19:14:00,2026-08-30
293,16.54,Rainy,Low,Afternoon,Scooter,6,7.0,51,634,2026-08-31 15:44:00,2026-08-31
290,12.02,Clear,Low,Morning,Car,9,7.0,41,907,2026-09-01 07:19:00,2026-09-01
653,11.94,Clear,Low,Evening,Bike,20,3.0,69,883,2026-09-02 19:30:00,2026-09-02
40,9.08,Clear,Low,Afternoon,Scooter,14,5.0,49,371,2026-09-03 16:33:00,2026-09-03
590,3.46,Snowy,Medium,Morning,Scooter,23,3.0,48,592,2026-09-04 08:27:00,2026-09-04
308,6.8,Foggy,Medium,Morning,Scooter,13,7.0,46,197,2026-09-05 11:35:00,2026-09-05
680,17.38,Rainy,Medium,Afternoon,Scooter,11,2.0,92,722,2026-09-06 14:22:00,2026-09-06
67,3.25,Clear,Low,Morning,Bike,23,7.0,32,72,2026-09-07 11:29:00,2026-09-07
276,10.28,Clear,Medium,Evening,Scooter,29,3.0,71,47,2026-09-08 19:19:00,2026-09-08
68,16.14,Clear,Low,Night,Car,6,9.0,65,678,2026-09-09 22:14:00,2026-09-09
319,3.55,Clear,Medium,Evening,Bike,23,0.0,43,234,2026-08-20 17:46:00,2026-08-20
549,10.65,Clear,,Afternoon,Scooter,23,8.0,58,792,2026-08-21 13:20:00,2026-08-21
999,19.03,Clear,Low,Afternoon,Car,26,5.0,68,297,2026-08-22 12:47:00,2026-08-22
715,7.3,Clear,Low,Night,Scooter,14,7.0,28,82,2026-08-23 23:48:00,2026-08-23
754,7.03,Clear,Low,Evening,Scooter,21,1.0,44,876,2026-08-24 18:12:00,2026-08-24
328,12.43,Snowy,Low,Afternoon,Car,12,0.0,70,239,2026-08-25 13:47:00,2026-08-25
383,12.76,Windy,High,Morning,Scooter,27,,74,888,2026-08-26 09:17:00,2026-08-26
452,11.39,Rainy,High,Evening,Scooter,14,1.0,72,104,2026-08-27 19:06:00,2026-08-27
523,19.41,Clear,Low,Morning,Car,7,3.0,48,390,2026-08-28 07:18:00,2026-08-28
219,13.17,Rainy,High,Evening,Scooter,17,8.0,69,285,2026-08-29 18:23:00,2026-08-29
788,8.32,Rainy,Low,Afternoon,Car,12,2.0,49,465,2026-08-30 13:19:00,2026-08-30
437,1.92,Clear,Low,,Bike,8,7.0,14,651,2026-08-31 08:45:00,2026-08-31
765,1.15,Clear,Low,Afternoon,Scooter,26,4.0,30,855,2026-09-01 16:08:00,2026-09-01
89,17.8,Windy,High,Afternoon,Car,12,9.0,73,374,2026-09-02 14:02:00,2026-09-02
64,7.46,Clear,Medium,Evening,Bike,8,5.0,42,167,2026-09-03 17:35:00,2026-09-03
827,7.25,Clear,Medium,Afternoon,Scooter,18,4.0,45,380,2026-09-04 14:44:00,2026-09-04
717,16.7,Clear,Medium,Afternoon,Scooter,28,1.0,76,364,2026-09-05 13:40:00,2026-09-05
352,17.2,Rainy,High,Afternoon,Scooter,14,2.0,94,215,2026-09-06 15:06:00,2026-09-06
937,0.86,Clear,Medium,Afternoon,Car,21,7.0,28,687,2026-09-07 12:36:00,2026-09-07
257,18.76,Clear,Medium,Evening,Car,15,2.0,80,274,2026-09-08 19:30:00,2026-09-08
636,9.22,Clear,Medium,Afternoon,Car,18,9.0,57,719,2026-09-09 15:28:00,2026-09-09
645,2.84,Clear,Low,Evening,Scooter,24,2.0,35,960,2026-08-20 19:11:00,2026-08-20
555,17.59,Clear,Low,Morning,Bike,24,6.0,69,700,2026-08-21 06:16:00,2026-08-21
960,14.89,Snowy,High,Morning,Scooter,17,6.0,87,664,2026-08-22 09:07:00,2026-08-22
169,1.3,Clear,Medium,Evening,Bike,22,4.0,31,74,2026-08-23 17:25:00,2026-08-23
918,18.99,Rainy,High,Afternoon,Bike,10,6.0,70,624,2026-08-24 15:04:00,2026-08-24
529,1.6,Foggy,Low,Night,Scooter,24,,37,651,2026-08-25 23:40:00,2026-08-25
824,8.26,Snowy,Low,Afternoon,Bike,15,1.0,57,176,2026-08-26 12:09:00,2026-08-26
986,10.16,Clear,High,Night,Bike,12,5.0,52,547,2026-08-27 21:51:00,2026-08-27
817,12.03,Clear,Medium,,Car,20,5.0,65,747,2026-08-28 17:19:00,2026-08-28
87,14.73,Rainy,Low,Afternoon,Bike,24,6.0,74,251,2026-08-29 12:15:00,2026-08-29
433,12.56,Clear,High,Evening,Bike,17,5.0,69,168,2026-08-30 17:35:00,2026-08-30
185,5.53,Clear,Medium,Afternoon,Bike,19,1.0,44,474,2026-08-31 15:38:00,2026-08-31
979,10.18,Foggy,Medium,Morning,Bike,25,3.0,73,389,2026-09-01 10:50:00,2026-09-01
535,15.5,Clear,Medium,Morning,Scooter,28,9.0,91,277,2026-09-02 10:14:00,2026-09-02
295,2.98,Foggy,,Night,Bike,11,2.0,27,948,2026-09-03 23:24:00,2026-09-03
893,16.69,Foggy,Medium,Evening,Scooter,8,2.0,65,656,2026-09-04 20:58:00,2026-09-04
426,11.22,Windy,High,Evening,Bike,25,5.0,79,705,2026-09-05 20:19:00,2026-09-05
714,8.53,Clear,Low,Evening,Scooter,8,2.0,41,571,2026-09-06 20:19:00,2026-09-06
261,12.49,Clear,Medium,Morning,Bike,25,4.0,77,225,2026-09-07 10:39:00,2026-09-07
238,0.97,Clear,Low,Night,Scooter,24,8.0,26,702,2026-09-08 21:39:00,2026-09-08
560,12.6,Windy,Medium,Afternoon,Car,8,6.0,58,333,2026-09-09 12:48:00,2026-09-09
584,6.91,Clear,Medium,Evening,Scooter,28,9.0,56,864,2026-08-20 18:40:00,2026-08-20
446,18.97,Clear,Low,Evening,Car,25,4.0,141,787,2026-08-21 18:16:00,2026-08-21
868,4.05,Clear,Medium,Evening,Bike,20,,44,795,2026-08-22 17:10:00,2026-08-22
801,14.29,Windy,Medium,Morning,Bike,14,7.0,78,58,2026-08-23 07:11:00,2026-08-23
600,1.3,Foggy,Low,Evening,Bike,19,5.0,29,235,2026-08-24 17:10:00,2026-08-24
850,12.11,Rainy,Low,Morning,Bike,9,5.0,59,842,2026-08-25 06:26:00,2026-08-25
266,14.94,Clear,Medium,Morning,Bike,11,0.0,62,33,2026-08-26 09:44:00,2026-08-26
996,2.29,Rainy,High,Afternoon,Car,8,8.0,80,825,2026-08-27 16:30:00,2026-08-27
530,17.36,Rainy,High,Afternoon,Bike,24,1.0,105,324,2026-08-28 14:02:00,2026-08-28
56,18.48,Clear,Medium,Night,Bike,8,0.0,82,411,2026-08-29 21:18:00,2026-08-29
121,16.25,Foggy,High,Morning,Bike,10,5.0,91,275,2026-08-30 11:18:00,2026-08-30
216,5.13,Clear,Low,Morning,Car,15,4.0,30,68,2026-08-31 11:55:00,2026-08-31
26,15.81,Clear,Low,,Car,25,1.0,92,217,2026-09-01 15:04:00,2026-09-01
73,0.61,Clear,Low,Afternoon,Scooter,10,0.0,16,936,2026-09-02 13:59:00,2026-09-02
45,5.55,Foggy,High,Evening,Bike,18,1.0,116,966,2026-09-03 19:50:00,2026-09-03
248,19.35,Clear,High,,Bike,12,7.0,75,581,2026-09-04 20:40:00,2026-09-04
722,4.03,Clear,Medium,Evening,Bike,9,5.0,25,898,2026-09-05 18:27:00,2026-09-05
282,7.09,Snowy,Low,Morning,Scooter,13,8.0,37,736,2026-09-06 06:34:00,2026-09-06
894,8.25,Clear,Medium,Afternoon,Bike,7,9.0,28,323,2026-09-07 13:41:00,2026-09-07
915,11.26,Clear,Low,Night,Bike,5,6.0,49,218,2026-09-08 21:58:00,2026-09-08
811,19.7,Rainy,Low,Evening,Bike,10,2.0,60,672,2026-09-09 19:52:00,2026-09-09
245,0.8,Snowy,High,Evening,Bike,14,9.0,36,512,2026-08-20 18:04:00,2026-08-20
823,7.0,Rainy,Medium,Evening,Bike,17,9.0,49,406,2026-08-21 17:10:00,2026-08-21
322,14.43,Clear,Medium,Morning,Car,14,4.0,113,906,2026-08-22 08:38:00,2026-08-22
644,6.89,Rainy,Medium,Afternoon,Bike,11,6.0,43,937,2026-08-23 16:58:00,2026-08-23
159,5.13,Foggy,Medium,Evening,Car,25,1.0,60,659,2026-08-24 19:28:00,2026-08-24
978,1.5,Clear,Low,Afternoon,Bike,10,1.0,17,470,2026-08-25 12:29:00,2026-08-25
430,2.78,,High,Afternoon,Scooter,9,0.0,41,147,2026-08-26 14:44:00,2026-08-26
942,11.31,Clear,Medium,Evening,Bike,7,0.0,54,272,2026-08-27 20:17:00,2026-08-27
463,15.05,Clear,Medium,Evening,Car,12,2.0,66,143,2026-08-28 20:28:00,2026-08-28
310,5.78,Foggy,Low,Afternoon,Scooter,9,9.0,33,253,2026-08-29 12:38:00,2026-08-29
698,11.83,Clear,Low,Evening,Scooter,9,7.0,32,763,2026-08-30 17:56:00,2026-08-30
61,8.08,Foggy,Low,Morning,Bike,25,2.0,61,575,2026-08-31 09:47:00,2026-08-31
885,16.1,Clear,Low,Evening,Bike,25,0.0,64,552,2026-09-01 19:38:00,2026-09-01
596,9.74,Rainy,Medium,Evening,Scooter,7,8.0,37,270,2026-09-02 19:01:00,2026-09-02
768,17.6,Clear,Low,Afternoon,Bike,27,3.0,69,765,2026-09-03 12:14:00,2026-09-03
650,10.22,Snowy,Medium,Night,Bike,18,1.0,68,599,2026-09-04 23:53:00,2026-09-04
651,2.19,Clear,Low,Evening,Bike,26,3.0,32,439,2026-09-05 17:48:00,2026-09-05
866,11.41,Windy,Medium,Afternoon,Scooter,17,4.0,68,920,2026-09-06 14:36:00,2026-09-06
669,4.14,Clear,Medium,Morning,Scooter,14,2.0,30,598,2026-09-07 06:48:00,2026-09-07
299,12.65,Rainy,Low,Afternoon,Bike,18,8.0,60,409,2026-09-08 13:30:00,2026-09-08
690,4.15,,Medium,Morning,Car,17,8.0,46,371,2026-09-09 10:41:00,2026-09-09
315,16.8,,High,Morning,Car,19,4.0,85,225,2026-08-20 09:58:00,2026-08-20
311,9.06,Clear,Medium,Evening,Bike,23,4.0,47,142,2026-08-21 19:11:00,2026-08-21
362,13.04,Clear,Medium,Morning,Scooter,20,6.0,65,522,2026-08-22 10:27:00,2026-08-22
480,10.7,Clear,Medium,Afternoon,Scooter,8,5.0,44,506,2026-08-23 15:05:00,2026-08-23
111,6.15,Foggy,Low,Evening,Scooter,26,5.0,48,94,2026-08-24 20:22:00,2026-08-24
990,16.47,Snowy,High,Evening,Scooter,20,9.0,75,774,2026-08-25 20:21:00,2026-08-25
487,1.39,Clear,Medium,Afternoon,Bike,15,4.0,24,49,2026-08-26 14:42:00,2026-08-26
364,11.14,Rainy,Medium,Morning,Scooter,7,3.0,47,882,2026-08-27 06:54:00,2026-08-27
255,3.81,Rainy,High,Afternoon,Bike,5,6.0,31,113,2026-08-28 13:21:00,2026-08-28
260,2.39,Rainy,Medium,Evening,Bike,27,7.0,43,157,2026-08-29 20:44:00,2026-08-29
803,11.74,Clear,High,Evening,Car,6,3.0,54,643,2026-08-30 20:18:00,2026-08-30
678,8.26,Clear,Low,,Car,21,4.0,80,164,2026-08-31 18:25:00,2026-08-31
495,9.54,Rainy,Medium,Evening,Scooter,11,5.0,47,812,2026-09-01 17:29:00,2026-09-01
671,3.88,Clear,Medium,Morning,Bike,16,2.0,35,697,2026-09-02 06:20:00,2026-09-02
378,0.95,Rainy,Medium,Morning,Car,27,0.0,44,433,2026-09-03 08:20:00,2026-09-03
527,8.59,Clear,Low,Night,Scooter,17,8.0,36,611,2026-09-04 21:49:00,2026-09-04
846,8.59,Clear,Low,Evening,Bike,22,2.0,43,66,2026-09-05 20:55:00,2026-09-05
138,14.21,Clear,Medium,Evening,Bike,24,,58,395,2026-09-06 17:42:00,2026-09-06
356,13.03,Foggy,Low,Morning,Scooter,9,1.0,50,391,2026-09-07 10:29:00,2026-09-07
366,8.03,Clear,Low,Evening,Scooter,14,8.0,42,611,2026-09-08 20:03:00,2026-09-08
943,13.2,Snowy,Low,Morning,Car,14,3.0,62,480,2026-09-09 07:33:00,2026-09-09
750,12.67,Clear,Medium,Evening,Car,10,3.0,65,542,2026-08-20 19:39:00,2026-08-20
949,17.54,Clear,,Morning,Car,16,8.0,54,258,2026-08-21 09:40:00,2026-08-21
830,9.32,Clear,Low,Morning,Scooter,6,5.0,30,995,2026-08-22 09:48:00,2026-08-22
657,6.03,Rainy,High,Afternoon,Car,8,6.0,46,567,2026-08-23 12:13:00,2026-08-23
200,15.71,Clear,Low,Afternoon,Scooter,28,5.0,69,882,2026-08-24 14:35:00,2026-08-24
214,4.87,Snowy,High,Evening,Bike,16,7.0,54,966,2026-08-25 18:59:00,2026-08-25
409,18.15,Rainy,High,Morning,Bike,22,7.0,108,12,2026-08-26 08:28:00,2026-08-26
333,0.78,Clear,Medium,Morning,Bike,6,1.0,17,697,2026-08-27 11:31:00,2026-08-27
209,0.6,Clear,Low,Afternoon,Bike,26,3.0,30,739,2026-08-28 12:01:00,2026-08-28
614,2.09,Clear,Medium,Evening,Bike,5,5.0,16,118,2026-08-29 18:45:00,2026-08-29
79,7.49,Clear,,Morning,Scooter,13,9.0,45,699,2026-08-30 07:19:00,2026-08-30
30,1.41,Foggy,Medium,Evening,Bike,15,0.0,72,907,2026-08-31 17:35:00,2026-08-31
536,18.92,Clear,High,Morning,Scooter,27,4.0,100,550,2026-09-01 09:05:00,2026-09-01
696,12.41,Clear,Medium,Morning,Car,10,1.0,51,769,2026-09-02 07:53:00,2026-09-02
558,1.06,,Low,Afternoon,Scooter,19,6.0,21,274,2026-09-03 12:29:00,2026-09-03
837,18.34,Clear,High,Night,Bike,9,4.0,92,788,2026-09-04 21:41:00,2026-09-04
597,13.52,Clear,Low,Morning,Scooter,27,1.0,82,657,2026-09-05 07:31:00,2026-09-05
166,16.79,Foggy,High,Afternoon,Bike,24,6.0,85,349,2026-09-06 14:32:00,2026-09-06
919,15.39,Clear,Medium,Evening,Scooter,24,5.0,89,115,2026-09-07 19:26:00,2026-09-07
496,7.39,Rainy,Medium,Morning,Scooter,25,6.0,60,301,2026-09-08 09:30:00,2026-09-08
825,10.98,Rainy,Low,Morning,Scooter,10,6.0,55,446,2026-09-09 07:29:00,2026-09-09
66,11.08,Snowy,Medium,Morning,Bike,9,0.0,57,162,2026-08-20 10:09:00,2026-08-20
142,5.41,Clear,Medium,Night,Bike,14,5.0,36,465,2026-08-21 22:12:00,2026-08-21
926,0.94,Clear,High,Morning,Bike,9,6.0,21,4,2026-08-22 10:32:00,2026-08-22
828,7.27,Windy,Low,Afternoon,Bike,10,5.0,35,977,2026-08-23 13:55:00,2026-08-23
656,2.99,Windy,Medium,Morning,Bike,27,5.0,41,740,2026-08-24 06:17:00,2026-08-24
332,15.28,Snowy,Low,Evening,Bike,16,5.0,72,897,2026-08-25 20:21:00,2026-08-25
665,2.48,Windy,Medium,Afternoon,Car,14,6.0,27,737,2026-08-26 16:17:00,2026-08-26
250,17.13,Rainy,Low,Evening,Car,19,1.0,71,270,2026-08-27 17:18:00,2026-08-27
908,7.17,Clear,Low,Afternoon,Bike,15,7.0,32,996,2026-08-28 14:53:00,2026-08-28
709,5.47,Rainy,Low,Morning,Car,21,6.0,38,513,2026-08-29 10:37:00,2026-08-29
306,19.53,Foggy,Low,Afternoon,Bike,11,6.0,87,781,2026-08-30 15:55:00,2026-08-30
735,7.5,Clear,High,Morning,Bike,29,1.0,66,183,2026-08-31 07:28:00,2026-08-31
976,5.61,Windy,Low,Night,Bike,25,9.0,48,520,2026-09-01 23:30:00,2026-09-01
50,4.1,Clear,Low,Morning,Bike,21,3.0,37,935,2026-09-02 08:21:00,2026-09-02
897,6.22,Rainy,Medium,Morning,Bike,15,0.0,49,109,2026-09-03 10:48:00,2026-09-03
3,14.77,,High,Morning,Scooter,11,6.0,67,892,2026-09-04 10:24:00,2026-09-04
545,12.55,Windy,Low,Evening,Bike,13,8.0,51,641,2026-09-05 20:59:00,2026-09-05
351,10.31,Foggy,Medium,Morning,Scooter,19,5.0,62,306,2026-09-06 08:55:00,2026-09-06
905,8.72,Snowy,Medium,Evening,Car,18,7.0,64,862,2026-09-07 18:44:00,2026-09-07
537,17.07,Clear,Medium,Morning,Bike,20,6.0,73,655,2026-09-08 07:36:00,2026-09-08
345,8.27,,High,Afternoon,Scooter,13,5.0,58,520,2026-09-09 15:14:00,2026-09-09
995,7.54,Snowy,Low,Afternoon,Bike,20,,55,624,2026-08-20 15:02:00,2026-08-20
482,14.07,Clear,High,Afternoon,Bike,5,8.0,67,204,2026-08-21 14:47:00,2026-08-21
576,19.02,Clear,Medium,Afternoon,Bike,29,9.0,87,157,2026-08-22 15:45:00,2026-08-22
34,19.0,Clear,High,Morning,Car,28,3.0,96,383,2026-08-23 09:24:00,2026-08-23
32,3.83,Rainy,Medium,Afternoon,Bike,12,9.0,30,781,2026-08-24 13:31:00,2026-08-24
232,10.3,Clear,Low,Evening,Scooter,19,8.0,48,166,2026-08-25 17:08:00,2026-08-25
964,8.09,Clear,High,Afternoon,Scooter,15,4.0,51,553,2026-08-26 16:37:00,2026-08-26
193,18.06,Clear,Medium,Night,Bike,9,8.0,52,977,2026-08-27 22:55:00,2026-08-27
334,2.76,Windy,Medium,Morning,Scooter,8,5.0,22,798,2026-08-28 06:55:00,2026-08-28
4,12.17,Snowy,Low,Evening,Bike,20,8.0,68,945,2026-08-29 20:06:00,2026-08-29
205,12.33,Clear,Medium,Evening,Bike,22,9.0,75,544,2026-08-30 20:00:00,2026-08-30
515,1.38,Clear,Medium,Evening,Scooter,5,8.0,13,941,2026-08-31 18:26:00,2026-08-31
800,18.49,Clear,Low,Afternoon,Scooter,14,6.0,71,1,2026-09-01 13:04:00,2026-09-01
307,10.57,Snowy,Low,Afternoon,Bike,28,9.0,59,614,2026-09-02 15:50:00,2026-09-02
110,2.0,Clear,High,Evening,Scooter,10,2.0,30,332,2026-09-03 19:21:00,2026-09-03
431,3.29,Clear,Medium,Afternoon,Scooter,17,4.0,32,501,2026-09-04 16:44:00,2026-09-04
78,1.94,Rainy,Medium,Morning,Bike,16,0.0,35,20,2026-09-05 09:41:00,2026-09-05
85,6.56,Windy,Medium,,Bike,14,1.0,47,115,2026-09-06 09:54:00,2026-09-06
287,9.58,Clear,High,Afternoon,Car,26,8.0,60,952,2026-09-07 14:54:00,2026-09-07
83,6.95,Clear,Medium,Morning,Scooter,25,2.0,58,372,2026-09-08 11:54:00,2026-09-08
992,14.05,Clear,High,Morning,Scooter,19,0.0,72,900,2026-09-09 10:24:00,2026-09-09
790,18.97,Rainy,High,Night,Bike,20,8.0,108,852,2026-08-20 22:40:00,2026-08-20
895,13.53,Rainy,Low,Evening,Bike,28,8.0,78,827,2026-08-21 20:55:00,2026-08-21
399,15.14,Rainy,Medium,Morning,Bike,8,6.0,66,315,2026-08-22 10:02:00,2026-08-22
324,5.96,Clear,Low,Afternoon,Bike,26,6.0,48,246,2026-08-23 16:04:00,2026-08-23
520,3.43,Windy,Medium,Morning,Bike,7,6.0,23,60,2026-08-24 07:40:00,2026-08-24
917,6.24,,Medium,Evening,Bike,15,3.0,52,247,2026-08-25 19:14:00,2026-08-25
923,17.94,Rainy,High,Evening,Scooter,22,6.0,85,900,2026-08-26 17:27:00,2026-08-26
6,3.54,Rainy,Medium,Evening,Bike,10,5.0,32,581,2026-08-27 17:48:00,2026-08-27
732,16.38,Rainy,Medium,Night,Bike,7,,90,970,2026-08-28 23:45:00,2026-08-28
466,7.81,Clear,Low,Evening,Bike,11,4.0,42,81,2026-08-29 17:28:00,2026-08-29
98,8.84,Clear,,Morning,Bike,26,0.0,57,88,2026-08-30 07:44:00,2026-08-30
267,14.09,Clear,Medium,Afternoon,Scooter,12,3.0,55,750,2026-08-31 14:57:00,2026-08-31
358,11.92,Clear,Low,Afternoon,Scooter,14,4.0,46,498,2026-09-01 12:02:00,2026-09-01
869,17.3,Clear,Low,Evening,Scooter,9,0.0,67,836,2026-09-02 19:50:00,2026-09-02
799,14.08,Clear,High,Morning,Bike,28,6.0,66,71,2026-09-03 06:18:00,2026-09-03
381,2.8,Clear,High,Afternoon,Bike,28,1.0,50,779,2026-09-04 14:23:00,2026-09-04
632,17.96,Clear,Medium,,Bike,22,2.0,76,546,2026-09-05 14:09:00,2026-09-05
382,14.09,Clear,High,Afternoon,Bike,12,6.0,67,785,2026-09-06 13:33:00,2026-09-06
491,9.39,Clear,Low,Morning,Bike,14,2.0,37,129,2026-09-07 09:36:00,2026-09-07
119,17.9,Clear,Low,Morning,Bike,23,,85,132,2026-09-08 11:50:00,2026-09-08
901,4.55,Rainy,Low,Afternoon,Bike,5,6.0,21,676,2026-09-09 13:10:00,2026-09-09
251,6.24,Snowy,Low,Afternoon,Bike,20,4.0,51,487,2026-08-20 13:05:00,2026-08-20
524,16.92,Clear,Low,Morning,Scooter,29,0.0,70,970,2026-08-21 10:55:00,2026-08-21
10,14.31,Clear,Medium,Morning,Bike,9,8.0,47,563,2026-08-22 09:39:00,2026-08-22
197,14.66,Windy,Medium,,Bike,20,2.0,77,170,2026-08-23 18:15:00,2026-08-23
604,2.23,Clear,Low,Morning,Bike,7,6.0,14,272,2026-08-24 09:58:00,2026-08-24
82,12.65,Clear,Low,Evening,Bike,15,4.0,66,541,2026-08-25 18:14:00,2026-08-25
784,7.24,Rainy,Medium,Evening,Bike,28,6.0,65,894,2026-08-26 20:40:00,2026-08-26
588,3.01,Clear,Medium,Evening,Bike,14,4.0,26,622,2026-08-27 19:29:00,2026-08-27
798,11.52,,Medium,Morning,Scooter,25,2.0,58,434,2026-08-28 08:42:00,2026-08-28
240,3.95,Clear,Low,Afternoon,Bike,13,5.0,25,988,2026-08-29 12:57:00,2026-08-29
291,1.09,Clear,Medium,Morning,Scooter,6,2.0,17,217,2026-08-30 09:57:00,2026-08-30
212,13.99,Clear,High,Evening,Scooter,7,3.0,96,952,2026-08-31 19:43:00,2026-08-31
718,19.32,Rainy,High,Morning,Car,21,7.0,112,553,2026-09-01 10:10:00,2026-09-01
360,11.72,Rainy,Low,Evening,Bike,11,9.0,42,774,2026-09-02 17:28:00,2026-09-02
450,2.13,Rainy,Low,Morning,Scooter,9,2.0,22,748,2026-09-03 08:37:00,2026-09-03
228,8.17,Clear,Medium,Afternoon,Scooter,20,9.0,44,707,2026-09-04 14:40:00,2026-09-04
951,12.21,Clear,High,Morning,Bike,9,4.0,57,206,2026-09-05 09:44:00,2026-09-05
947,3.17,Clear,Medium,Evening,Scooter,17,6.0,33,731,2026-09-06 19:29:00,2026-09-06
797,18.68,Snowy,Low,Afternoon,Bike,11,8.0,62,320,2026-09-07 14:12:00,2026-09-07
502,10.95,Clear,Medium,Evening,Scooter,24,4.0,55,409,2026-09-08 20:54:00,2026-09-08
465,19.26,Windy,Medium,Morning,Scooter,21,6.0,67,688,2026-09-09 09:06:00,2026-09-09
363,9.44,Rainy,,Evening,Scooter,28,8.0,63,666,2026-08-20 18:24:00,2026-08-20
469,4.86,Foggy,Medium,Evening,Car,25,4.0,52,383,2026-08-21 19:36:00,2026-08-21
936,5.81,Foggy,Low,Afternoon,Bike,25,8.0,51,449,2026-08-22 14:44:00,2026-08-22
429,7.34,Rainy,Low,Evening,Bike,22,8.0,47,922,2026-08-23 19:01:00,2026-08-23
8,17.39,Foggy,Medium,Morning,Bike,25,4.0,100,530,2026-08-24 11:25:00,2026-08-24
156,5.22,Snowy,Low,Evening,Bike,11,9.0,40,463,2026-08-25 19:00:00,2026-08-25
542,12.32,Clear,Medium,Evening,Scooter,17,4.0,71,124,2026-08-26 17:58:00,2026-08-26
441,2.15,Windy,Medium,Afternoon,Car,17,6.0,30,254,2026-08-27 16:47:00,2026-08-27
483,9.36,Rainy,High,Morning,Scooter,17,2.0,65,231,2026-08-28 09:53:00,2026-08-28
423,2.28,Clear,Medium,Evening,Scooter,27,9.0,39,66,2026-08-29 19:49:00,2026-08-29
779,14.54,Clear,Medium,Evening,Bike,29,2.0,73,347,2026-08-30 18:38:00,2026-08-30
950,12.15,Clear,High,Morning,Car,12,6.0,63,22,2026-08-31 08:14:00,2026-08-31
335,1.4,Windy,Low,Evening,Bike,9,9.0,17,603,2026-09-01 18:39:00,2026-09-01
577,3.37,Clear,High,Morning,Bike,9,,28,568,2026-09-02 08:43:00,2026-09-02
935,3.85,Rainy,Medium,Afternoon,Bike,26,3.0,46,236,2026-09-03 13:40:00,2026-09-03
568,9.03,Clear,Low,,Bike,11,5.0,43,603,2026-09-04 09:57:00,2026-09-04
595,17.99,Snowy,Low,Afternoon,Bike,15,3.0,63,226,2026-09-05 12:19:00,2026-09-05
531,16.35,Clear,Medium,Morning,Bike,16,0.0,66,8,2026-09-06 09:02:00,2026-09-06
582,19.61,Clear,High,Evening,Bike,8,6.0,72,73,2026-09-07 19:46:00,2026-09-07
708,16.29,Clear,Low,Morning,Bike,20,1.0,72,725,2026-09-08 07:05:00,2026-09-08
449,7.84,Windy,Low,Afternoon,Bike,6,4.0,28,647,2026-09-09 14:20:00,2026-09-09
454,18.17,Rainy,Low,Afternoon,Car,13,0.0,71,61,2026-08-20 15:11:00,2026-08-20
229,17.89,Windy,Low,,Bike,27,1.0,101,235,2026-08-21 11:08:00,2026-08-21
353,13.34,Clear,Medium,Night,Bike,20,6.0,53,70,2026-08-22 23:56:00,2026-08-22
729,4.43,Foggy,Low,Morning,Scooter,10,1.0,63,928,2026-08-23 08:33:00,2026-08-23
213,13.21,Clear,,Morning,Scooter,12,4.0,63,33,2026-08-24 10:58:00,2026-08-24
80,2.76,Windy,Medium,Night,Bike,6,2.0,27,881,2026-08-25 22:53:00,2026-08-25
149,1.5,Foggy,Medium,Evening,Scooter,15,4.0,32,339,2026-08-26 18:16:00,2026-08-26
303,11.04,Clear,Medium,Afternoon,Scooter,8,2.0,54,73,2026-08-27 15:51:00,2026-08-27
629,1.22,Clear,Medium,Evening,Scooter,6,,14,527,2026-08-28 19:47:00,2026-08-28
778,14.58,Clear,Low,Afternoon,Bike,13,,57,244,2026-08-29 14:51:00,2026-08-29
507,18.26,Rainy,High,Night,Scooter,28,7.0,93,286,2026-08-30 21:29:00,2026-08-30
343,3.88,Foggy,Low,Evening,Car,27,9.0,42,686,2026-08-31 17:09:00,2026-08-31
486,18.07,Clear,High,Afternoon,Scooter,5,2.0,67,498,2026-09-01 13:55:00,2026-09-01
712,12.11,Clear,Medium,Evening,Bike,28,0.0,75,220,2026-09-02 20:54:00,2026-09-02
134,7.08,Clear,Medium,Afternoon,Scooter,5,8.0,27,553,2026-09-03 16:23:00,2026-09-03
704,3.12,Rainy,Low,Evening,Scooter,14,5.0,28,136,2026-09-04 17:50:00,2026-09-04
312,2.03,Foggy,High,Evening,Car,14,4.0,36,741,2026-09-05 20:00:00,2026-09-05
723,1.8,Clear,,Night,Bike,14,1.0,28,958,2026-09-06 22:34:00,2026-09-06
630,5.42,Clear,Low,Evening,Scooter,11,9.0,26,904,2026-09-07 17:29:00,2026-09-07
1,7.8,Clear,Low,Evening,Scooter,23,5.0,52,585,2026-09-08 19:43:00,2026-09-08
317,8.47,Rainy,Low,Afternoon,Scooter,19,0.0,48,591,2026-09-09 14:37:00,2026-09-09
707,6.79,Rainy,Low,Evening,Scooter,16,1.0,39,485,2026-08-20 20:52:00,2026-08-20
548,13.6,Rainy,Medium,Afternoon,Scooter,23,6.0,83,249,2026-08-21 14:06:00,2026-08-21
873,13.06,Rainy,High,Morning,Bike,17,8.0,59,804,2026-08-22 11:14:00,2026-08-22
533,19.93,Snowy,Low,Afternoon,Bike,6,6.0,59,485,2026-08-23 15:01:00,2026-08-23
478,11.3,Snowy,Medium,Afternoon,Bike,15,8.0,70,827,2026-08-24 16:56:00,2026-08-24
405,6.74,Rainy,Medium,Evening,Car,21,9.0,47,417,2026-08-25 19:58:00,2026-08-25
173,10.49,Rainy,Low,Morning,Bike,28,9.0,66,195,2026-08-26 10:14:00,2026-08-26
126,8.83,,Medium,Evening,Scooter,12,3.0,109,97,2026-08-27 17:40:00,2026-08-27
395,7.15,Clear,High,Night,Car,29,7.0,60,100,2026-08-28 22:58:00,2026-08-28
421,15.94,Clear,Low,Evening,Bike,24,2.0,77,675,2026-08-29 19:41:00,2026-08-29
553,11.26,Foggy,High,Afternoon,Bike,14,2.0,70,442,2026-08-30 15:07:00,2026-08-30
904,11.87,Clear,Medium,Morning,Bike,10,6.0,43,363,2026-08-31 07:02:00,2026-08-31
91,2.83,Windy,Medium,Afternoon,Scooter,14,6.0,28,434,2026-09-01 12:19:00,2026-09-01
940,11.74,Clear,Low,Afternoon,Car,20,1.0,52,421,2026-09-02 15:07:00,2026-09-02
182,2.71,Clear,Low,Morning,Scooter,6,1.0,20,479,2026-09-03 06:15:00,2026-09-03
275,10.47,Clear,High,Evening,Scooter,14,7.0,55,885,2026-09-04 18:24:00,2026-09-04
896,4.5,Snowy,High,Evening,Bike,24,0.0,66,747,2026-09-05 20:23:00,2026-09-05
70,19.74,,Low,,Car,21,7.0,71,56,2026-09-06 18:47:00,2026-09-06
292,1.23,Clear,Low,Evening,Bike,18,6.0,21,690,2026-09-07 20:37:00,2026-09-07
132,4.83,Clear,Low,Evening,Bike,11,1.0,29,670,2026-09-08 18:56:00,2026-09-08
301,1.51,Clear,High,Afternoon,Bike,14,2.0,32,662,2026-09-09 15:41:00,2026-09-09
425,1.62,Windy,Low,Evening,Bike,9,8.0,16,101,2026-08-20 17:53:00,2026-08-20
327,11.31,Clear,High,Evening,Bike,20,0.0,67,63,2026-08-21 20:39:00,2026-08-21
145,6.05,Clear,Medium,Morning,Car,24,0.0,48,413,2026-08-22 09:17:00,2026-08-22
424,10.14,Clear,Medium,Morning,Scooter,20,1.0,59,746,2026-08-23 06:44:00,2026-08-23
581,9.45,Clear,Low,Afternoon,Car,13,0.0,49,348,2026-08-24 14:13:00,2026-08-24
136,6.8,Clear,High,Evening,Bike,28,5.0,55,820,2026-08-25 20:28:00,2026-08-25
451,15.65,Clear,Low,Afternoon,Bike,27,0.0,76,883,2026-08-26 13:54:00,2026-08-26
165,2.26,Clear,Medium,Morning,Scooter,6,3.0,19,112,2026-08-27 08:06:00,2026-08-27
29,12.05,Clear,Low,Evening,Scooter,29,4.0,61,255,2026-08-28 19:34:00,2026-08-28
774,8.25,Windy,Medium,Evening,Car,24,4.0,62,197,2026-08-29 19:03:00,2026-08-29
194,12.85,Rainy,Medium,Afternoon,Scooter,23,0.0,80,195,2026-08-30 15:17:00,2026-08-30
389,15.14,Windy,Medium,Morning,Bike,15,4.0,71,550,2026-08-31 07:07:00,2026-08-31
853,4.59,Foggy,Low,Evening,Scooter,19,8.0,36,460,2026-09-01 20:05:00,2026-09-01
170,12.02,Clear,Low,Afternoon,Bike,26,0.0,63,144,2026-09-02 13:41:00,2026-09-02
706,19.8,Clear,High,Evening,Bike,7,3.0,88,433,2026-09-03 17:03:00,2026-09-03
141,19.27,Foggy,High,Afternoon,Bike,14,6.0,92,188,2026-09-04 14:15:00,2026-09-04
174,4.92,Clear,High,Morning,Scooter,12,0.0,41,286,2026-09-05 07:50:00,2026-09-05
7,1.63,Rainy,Medium,Night,Bike,24,5.0,38,474,2026-09-06 23:13:00,2026-09-06
746,18.04,Clear,Medium,Morning,Bike,8,5.0,71,256,2026-09-07 06:53:00,2026-09-07
479,19.4,Snowy,,Afternoon,Scooter,23,9.0,92,896,2026-09-08 16:13:00,2026-09-08
74,16.4,Clear,High,Morning,Scooter,12,2.0,70,946,2026-09-09 10:13:00,2026-09-09
911,12.01,Clear,Low,Morning,Car,5,7.0,42,78,2026-08-20 07:21:00,2026-08-20
814,18.46,Clear,,,Scooter,29,1.0,153,454,2026-08-21 20:09:00,2026-08-21
239,13.09,Windy,Low,,Scooter,17,1.0,69,828,2026-08-22 20:57:00,2026-08-22
146,1.22,Foggy,High,Afternoon,Scooter,14,2.0,38,883,2026-08-23 16:00:00,2026-08-23
793,10.36,Rainy,Medium,Afternoon,Bike,7,8.0,39,877,2026-08-24 14:54:00,2026-08-24
235,4.31,Rainy,Medium,Afternoon,Bike,9,2.0,35,564,2026-08-25 13:08:00,2026-08-25
221,13.32,Windy,Medium,Afternoon,Bike,26,0.0,71,101,2026-08-26 16:16:00,2026-08-26
924,16.1,Clear,Low,Morning,Car,16,6.0,61,52,2026-08-27 07:07:00,2026-08-27
501,14.11,Rainy,High,Morning,Scooter,24,3.0,93,668,2026-08-28 11:55:00,2026-08-28
133,2.84,Clear,Medium,Night,Scooter,28,1.0,44,554,2026-08-29 21:08:00,2026-08-29
991,16.09,Snowy,Low,Morning,Car,13,6.0,69,857,2026-08-30 06:22:00,2026-08-30
775,16.05,Snowy,Medium,Evening,Bike,11,2.0,89,16,2026-08-31 18:37:00,2026-08-31
186,13.37,Windy,High,Afternoon,Scooter,17,8.0,63,993,2026-09-01 14:01:00,2026-09-01
42,10.16,Snowy,Medium,Night,Bike,10,1.0,67,96,2026-09-02 21:16:00,2026-09-02
697,6.13,Clear,Medium,Night,Scooter,22,0.0,48,949,2026-09-03 21:08:00,2026-09-03
109,4.96,Rainy,Low,Afternoon,Car,10,7.0,28,772,2026-09-04 15:33:00,2026-09-04
589,3.0,Clear,Low,Morning,Scooter,29,1.0,43,870,2026-09-05 06:47:00,2026-09-05
57,2.23,Snowy,Medium,Evening,Car,14,0.0,41,243,2026-09-06 17:30:00,2026-09-06
406,17.96,Clear,,Evening,Scooter,26,0.0,74,171,2026-09-07 20:49:00,2026-09-07
443,7.8,Rainy,Medium,Morning,Bike,11,7.0,49,417,2026-09-08 08:32:00,2026-09-08
758,10.9,Clear,High,Afternoon,Scooter,6,8.0,47,498,2026-09-09 16:06:00,2026-09-09
998,3.17,Clear,Low,Afternoon,Bike,17,1.0,28,493,2026-08-20 15:32:00,2026-08-20
25,9.39,Windy,Medium,Morning,Scooter,21,9.0,50,219,2026-08-21 07:39:00,2026-08-21
468,17.44,Clear,Low,Evening,Bike,25,9.0,89,886,2026-08-22 17:46:00,2026-08-22
540,3.02,Rainy,Medium,Morning,Bike,23,1.0,46,411,2026-08-23 11:33:00,2026-08-23
532,19.99,Rainy,High,Evening,Bike,17,1.0,112,925,2026-08-24 19:29:00,2026-08-24
619,16.22,Rainy,High,Evening,Bike,22,0.0,102,61,2026-08-25 17:03:00,2026-08-25
695,2.74,Clear,High,Afternoon,Bike,18,9.0,37,169,2026-08-26 15:54:00,2026-08-26
927,5.74,Rainy,High,Evening,Bike,13,9.0,46,389,2026-08-27 20:27:00,2026-08-27
339,9.75,Clear,Low,Afternoon,Bike,22,7.0,50,3,2026-08-28 12:31:00,2026-08-28
52,15.62,Rainy,Medium,Afternoon,Scooter,23,7.0,78,400,2026-08-29 15:04:00,2026-08-29
508,16.54,Rainy,Medium,Afternoon,Bike,25,7.0,77,272,2026-08-30 12:20:00,2026-08-30
517,7.84,Rainy,Low,Morning,Scooter,7,8.0,36,949,2026-08-31 10:09:00,2026-08-31
921,17.44,,Low,Night,Car,23,0.0,85,803,2026-09-01 21:08:00,2026-09-01
782,11.08,Windy,High,Afternoon,Bike,16,6.0,70,804,2026-09-02 14:39:00,2026-09-02
265,17.61,Clear,Medium,Evening,Scooter,21,9.0,79,466,2026-09-03 19:24:00,2026-09-03
818,8.28,Snowy,Low,Evening,Car,29,7.0,58,293,2026-09-04 19:29:00,2026-09-04
711,15.32,Clear,Medium,Morning,Bike,17,6.0,80,434,2026-09-05 10:38:00,2026-09-05
683,3.83,Rainy,Low,Evening,Car,27,3.0,49,714,2026-09-06 20:06:00,2026-09-06
833,3.25,Rainy,,Evening,Scooter,29,0.0,51,981,2026-09-07 17:54:00,2026-09-07
519,19.75,Clear,Medium,Morning,Bike,25,1.0,103,749,2026-09-08 11:41:00,2026-09-08
448,15.19,Foggy,Low,Evening,Scooter,6,4.0,53,803,2026-09-09 18:27:00,2026-09-09
19,8.92,Windy,,Morning,Bike,25,4.0,62,570,2026-08-20 09:56:00,2026-08-20
716,18.63,Windy,Low,Afternoon,Bike,11,5.0,85,678,2026-08-21 13:26:00,2026-08-21
484,12.74,Clear,Low,Night,Scooter,18,0.0,67,736,2026-08-22 22:52:00,2026-08-22
569,18.13,Rainy,High,Evening,Bike,21,2.0,88,499,2026-08-23 20:25:00,2026-08-23
434,2.47,Rainy,Low,Afternoon,Car,22,6.0,34,159,2026-08-24 15:46:00,2026-08-24
368,18.15,Windy,Medium,Morning,Bike,11,2.0,89,195,2026-08-25 06:20:00,2026-08-25
84,1.74,Foggy,High,Afternoon,Scooter,8,9.0,28,304,2026-08-26 15:20:00,2026-08-26
62,5.79,Windy,Medium,Morning,Bike,26,6.0,49,223,2026-08-27 11:16:00,2026-08-27
639,5.75,Windy,High,Morning,Scooter,7,4.0,37,992,2026-08-28 08:09:00,2026-08-28
273,17.41,Snowy,Medium,Evening,Bike,20,4.0,80,60,2026-08-29 20:04:00,2026-08-29
286,1.2,Rainy,Low,Morning,Scooter,24,7.0,33,594,2026-08-30 06:53:00,2026-08-30
361,8.07,Windy,Low,Evening,Bike,21,4.0,48,754,2026-08-31 17:05:00,2026-08-31
355,1.88,Clear,Medium,Morning,Scooter,24,7.0,35,556,2026-09-01 09:06:00,2026-09-01
457,0.72,Rainy,Medium,Afternoon,Scooter,9,2.0,23,63,2026-09-02 14:51:00,2026-09-02
279,14.19,Clear,Medium,Afternoon,Bike,9,1.0,57,766,2026-09-03 13:35:00,2026-09-03
13,16.73,Windy,High,Afternoon,Scooter,9,7.0,71,322,2026-09-04 12:37:00,2026-09-04
183,18.53,Rainy,Low,Afternoon,Scooter,8,8.0,57,59,2026-09-05 16:35:00,2026-09-05
369,4.32,Clear,Low,Morning,Bike,21,9.0,34,52,2026-09-06 08:42:00,2026-09-06
882,13.6,Foggy,High,Evening,Bike,9,7.0,61,599,2026-09-07 17:26:00,2026-09-07
616,18.46,Rainy,Low,Morning,Bike,19,9.0,94,489,2026-09-08 08:55:00,2026-09-08
224,7.67,Windy,Low,Morning,Car,9,2.0,31,515,2026-09-09 11:48:00,2026-09-09
573,8.23,Snowy,Low,Evening,Bike,17,3.0,56,942,2026-08-20 20:55:00,2026-08-20
971,13.44,Clear,Low,Night,Bike,29,0.0,63,874,2026-08-21 23:03:00,2026-08-21
654,15.04,Clear,Low,Morning,Car,24,5.0,60,544,2026-08-22 08:38:00,2026-08-22
546,7.48,Clear,Medium,Morning,Car,21,4.0,52,162,2026-08-23 08:22:00,2026-08-23
583,10.11,Rainy,,Afternoon,Scooter,23,2.0,63,59,2026-08-24 12:36:00,2026-08-24
634,10.88,Snowy,Low,Afternoon,Car,13,3.0,52,984,2026-08-25 16:13:00,2026-08-25
177,13.97,Snowy,Low,Evening,Scooter,14,8.0,52,521,2026-08-26 18:42:00,2026-08-26
666,3.48,Foggy,Low,Afternoon,Scooter,9,1.0,31,83,2026-08-27 15:14:00,2026-08-27
674,10.73,Foggy,Low,Morning,Bike,6,6.0,35,872,2026-08-28 06:22:00,2026-08-28
586,5.18,Clear,Medium,Afternoon,Car,9,2.0,30,191,2026-08-29 16:23:00,2026-08-29
874,8.47,Foggy,Medium,Evening,Bike,24,0.0,68,71,2026-08-30 17:48:00,2026-08-30
394,15.64,Rainy,Low,,Bike,20,4.0,141,610,2026-08-31 12:36:00,2026-08-31
164,10.95,Snowy,,Afternoon,Bike,9,1.0,65,70,2026-09-01 13:51:00,2026-09-01
249,19.29,Windy,Medium,Evening,Scooter,7,8.0,84,692,2026-09-02 20:54:00,2026-09-02
635,2.59,Windy,Medium,,Bike,13,5.0,28,883,2026-09-03 16:49:00,2026-09-03
886,3.98,Clear,High,Night,Car,19,3.0,41,241,2026-09-04 23:39:00,2026-09-04
670,6.06,Foggy,Low,Afternoon,Scooter,10,8.0,41,414,2026-09-05 16:01:00,2026-09-05
376,6.72,Foggy,Low,Evening,Bike,8,5.0,31,123,2026-09-06 19:01:00,2026-09-06
413,19.04,Clear,Medium,Morning,Scooter,27,2.0,85,965,2026-09-07 07:17:00,2026-09-07
75,14.28,Windy,High,Afternoon,Scooter,23,5.0,77,912,2026-09-08 14:58:00,2026-09-08
114,16.26,Rainy,High,Morning,Bike,16,6.0,70,584,2026-09-09 08:22:00,2026-09-09
599,4.25,Clear,Low,Afternoon,Bike,5,4.0,22,253,2026-08-20 12:11:00,2026-08-20
962,12.26,Clear,Low,Afternoon,Bike,20,2.0,66,593,2026-08-21 13:36:00,2026-08-21
391,19.81,Clear,Low,Afternoon,Bike,27,1.0,74,609,2026-08-22 15:04:00,2026-08-22
105,18.2,Windy,Medium,Morning,Bike,27,1.0,108,41,2026-08-23 07:47:00,2026-08-23
115,12.85,Rainy,Medium,Morning,Scooter,14,8.0,73,635,2026-08-24 11:01:00,2026-08-24
418,6.91,Clear,Low,Evening,Bike,27,8.0,91,84,2026-08-25 17:47:00,2026-08-25
526,9.64,Clear,Low,Morning,Bike,10,5.0,46,430,2026-08-26 10:13:00,2026-08-26
458,9.64,Rainy,Medium,Evening,Bike,14,6.0,52,674,2026-08-27 20:26:00,2026-08-27
410,2.28,Foggy,Medium,Morning,Scooter,27,6.0,44,598,2026-08-28 09:21:00,2026-08-28
93,15.34,Rainy,Low,Afternoon,Bike,18,6.0,54,579,2026-08-29 13:23:00,2026-08-29
931,3.22,Rainy,Medium,Night,Bike,14,8.0,34,536,2026-08-30 22:46:00,2026-08-30
90,9.71,Clear,Low,Morning,Bike,8,1.0,49,324,2026-08-31 08:49:00,2026-08-31
337,17.18,Clear,Medium,Night,Scooter,13,1.0,62,958,2026-09-01 23:38:00,2026-09-01
989,5.3,Clear,Medium,Afternoon,Scooter,29,3.0,47,268,2026-09-02 12:56:00,2026-09-02
922,10.0,Clear,Medium,Afternoon,Scooter,6,9.0,47,210,2026-09-03 12:09:00,2026-09-03
934,10.75,Rainy,Medium,Morning,Bike,8,6.0,60,686,2026-09-04 07:48:00,2026-09-04
606,9.49,Rainy,Medium,Morning,Car,23,6.0,53,734,2026-09-05 10:03:00,2026-09-05
594,7.24,Clear,Medium,Afternoon,Bike,28,7.0,57,322,2026-09-06 12:17:00,2026-09-06
612,16.09,Rainy,Low,Morning,Bike,21,8.0,66,245,2026-09-07 09:42:00,2026-09-07
95,15.53,Clear,Low,Morning,Bike,26,6.0,83,272,2026-09-08 09:31:00,2026-09-08
12,19.41,Windy,Low,Morning,Bike,11,8.0,62,406,2026-09-09 10:28:00,2026-09-09
397,17.24,Clear,Low,Evening,Bike,17,5.0,69,135,2026-08-20 20:17:00,2026-08-20
534,11.33,,Low,Morning,Bike,25,3.0,60,688,2026-08-21 07:48:00,2026-08-21
44,18.23,Rainy,Low,Afternoon,Scooter,27,9.0,86,661,2026-08-22 16:07:00,2026-08-22
43,1.17,Clear,Medium,Morning,Bike,16,9.0,25,308,2026-08-23 08:27:00,2026-08-23
330,5.33,Clear,Low,Evening,Car,29,1.0,51,469,2026-08-24 17:18:00,2026-08-24
168,4.14,Rainy,Low,Morning,Bike,23,2.0,41,324,2026-08-25 11:43:00,2026-08-25
498,2.02,Clear,High,Evening,Bike,28,5.0,44,952,2026-08-26 20:33:00,2026-08-26
877,14.46,Rainy,Medium,Morning,Scooter,11,9.0,68,770,2026-08-27 11:19:00,2026-08-27
598,3.86,Clear,Medium,Afternoon,Bike,21,8.0,34,959,2026-08-28 12:14:00,2026-08-28
757,12.59,Windy,Medium,Morning,Bike,13,9.0,62,75,2026-08-29 09:38:00,2026-08-29
101,1.11,Clear,High,Morning,Scooter,22,8.0,35,10,2026-08-30 06:00:00,2026-08-30
427,9.11,Clear,Low,Afternoon,Bike,19,6.0,42,470,2026-08-31 13:19:00,2026-08-31
179,18.77,Snowy,Medium,Evening,Bike,24,0.0,115,637,2026-09-01 18:49:00,2026-09-01
445,16.35,Foggy,Medium,Night,Bike,16,6.0,67,577,2026-09-02 21:48:00,2026-09-02
417,6.22,Clear,Low,Afternoon,Bike,16,9.0,29,103,2026-09-03 14:18:00,2026-09-03
871,7.78,Foggy,High,Afternoon,Bike,25,3.0,74,76,2026-09-04 14:07:00,2026-09-04
883,0.88,Rainy,Low,Night,Car,27,2.0,37,551,2026-09-05 21:31:00,2026-09-05
681,16.43,Clear,Low,Evening,Bike,13,5.0,56,219,2026-09-06 20:11:00,2026-09-06
178,8.04,Clear,Medium,Evening,Car,27,0.0,65,519,2026-09-07 18:24:00,2026-09-07
396,18.65,Foggy,Low,Night,Car,19,2.0,68,272,2026-09-08 23:45:00,2026-09-08
912,5.73,Foggy,Low,Morning,Scooter,7,2.0,30,136,2026-09-09 07:32:00,2026-09-09
794,12.42,Rainy,Low,Evening,Bike,28,9.0,79,956,2026-08-20 19:04:00,2026-08-20
961,2.11,Clear,Low,Afternoon,Scooter,28,5.0,34,358,2026-08-21 15:55:00,2026-08-21
685,18.62,Clear,Low,Evening,Scooter,27,6.0,75,903,2026-08-22 17:27:00,2026-08-22
384,17.61,Clear,Medium,Morning,Scooter,19,3.0,80,71,2026-08-23 06:29:00,2026-08-23
957,10.62,Rainy,Medium,Night,Bike,7,2.0,48,901,2026-08-24 21:55:00,2026-08-24
752,18.83,,Medium,Night,Bike,8,0.0,68,251,2026-08-25 22:36:00,2026-08-25
258,14.07,Clear,Medium,Morning,Bike,16,9.0,73,379,2026-08-26 09:36:00,2026-08-26
539,9.29,Clear,Medium,Evening,Bike,10,9.0,40,292,2026-08-27 20:45:00,2026-08-27
336,1.29,Rainy,Low,Evening,Bike,7,7.0,15,162,2026-08-28 20:18:00,2026-08-28
16,4.08,Windy,Medium,Afternoon,Bike,7,0.0,33,449,2026-08-29 12:25:00,2026-08-29
325,19.12,Windy,High,Evening,Car,8,0.0,92,854,2026-08-30 17:20:00,2026-08-30
759,17.93,Clear,Medium,Afternoon,Bike,29,4.0,85,557,2026-08-31 13:51:00,2026-08-31
223,2.33,,Low,Morning,Car,6,1.0,17,721,2026-09-01 10:29:00,2026-09-01
180,3.18,Rainy,Medium,Evening,Bike,21,3.0,42,310,2026-09-02 19:05:00,2026-09-02
984,1.97,Clear,High,Morning,Car,28,7.0,43,627,2026-09-03 09:54:00,2026-09-03
23,6.2,Windy,High,Evening,Scooter,7,3.0,42,827,2026-09-04 17:15:00,2026-09-04
357,1.02,Windy,High,Evening,Bike,6,8.0,21,670,2026-09-05 20:37:00,2026-09-05
667,5.3,Clear,Low,Evening,Bike,16,5.0,32,542,2026-09-06 20:33:00,2026-09-06
862,9.34,Rainy,Low,Evening,Car,10,0.0,40,9,2026-09-07 17:25:00,2026-09-07
341,10.09,Clear,Medium,Evening,Bike,7,0.0,49,684,2026-09-08 19:47:00,2026-09-08
432,15.35,Rainy,High,Night,Scooter,23,9.0,80,837,2026-09-09 22:14:00,2026-09-09
552,17.12,Rainy,Low,Morning,Bike,26,3.0,86,568,2026-08-20 08:49:00,2026-08-20
834,3.94,Snowy,Low,Afternoon,Bike,19,3.0,43,307,2026-08-21 13:04:00,2026-08-21
204,18.02,Clear,,Evening,Car,12,3.0,77,955,2026-08-22 17:33:00,2026-08-22
631,14.41,Snowy,Medium,Evening,Bike,8,8.0,75,680,2026-08-23 18:57:00,2026-08-23
94,11.44,Rainy,Medium,Evening,Car,20,2.0,57,107,2026-08-24 19:22:00,2026-08-24
559,15.23,Foggy,Low,Morning,Car,6,0.0,52,962,2026-08-25 11:52:00,2026-08-25
69,1.95,Clear,Low,Morning,Scooter,16,2.0,23,900,2026-08-26 11:52:00,2026-08-26
623,7.72,Rainy,Medium,Morning,Bike,11,,36,138,2026-08-27 07:15:00,2026-08-27
285,11.78,Clear,Low,Afternoon,Scooter,26,3.0,71,271,2026-08-28 12:09:00,2026-08-28
845,3.4,Windy,Medium,Morning,Bike,11,6.0,30,119,2026-08-29 08:12:00,2026-08-29
435,2.14,Clear,High,Evening,Bike,18,3.0,34,912,2026-08-30 18:38:00,2026-08-30
154,10.04,Rainy,High,Afternoon,Bike,12,9.0,59,110,2026-08-31 13:48:00,2026-08-31
76,14.72,Clear,,Evening,Scooter,15,8.0,80,761,2026-09-01 17:11:00,2026-09-01
731,3.7,Clear,Medium,Morning,Bike,28,7.0,45,567,2026-09-02 11:31:00,2026-09-02
447,19.73,Rainy,Low,Evening,Bike,8,8.0,64,160,2026-09-03 20:48:00,2026-09-03
189,10.83,Clear,Medium,Evening,Scooter,8,9.0,51,279,2026-09-04 20:43:00,2026-09-04
272,16.3,Foggy,Low,Morning,Car,12,1.0,100,289,2026-09-05 10:41:00,2026-09-05
237,5.98,Foggy,High,Morning,Bike,14,6.0,44,620,2026-09-06 11:39:00,2026-09-06
488,5.98,Rainy,High,Morning,Bike,21,2.0,60,216,2026-09-07 08:55:00,2026-09-07
118,4.14,Foggy,Medium,Morning,Bike,21,0.0,46,735,2026-09-08 11:20:00,2026-09-08
944,16.68,,Medium,Afternoon,Bike,9,9.0,63,352,2026-09-09 13:28:00,2026-09-09
513,18.69,Windy,Medium,Night,Bike,23,9.0,74,209,2026-08-20 21:30:00,2026-08-20
826,18.44,Rainy,High,Morning,Bike,27,7.0,80,704,2026-08-21 09:40:00,2026-08-21
592,13.0,Windy,High,Morning,Bike,22,8.0,65,650,2026-08-22 08:50:00,2026-08-22
127,16.45,,Medium,Evening,Scooter,25,3.0,87,874,2026-08-23 19:37:00,2026-08-23
117,16.17,Clear,Medium,Evening,Car,10,2.0,116,271,2026-08-24 17:22:00,2026-08-24
474,17.88,Clear,Medium,Evening,Bike,29,3.0,98,518,2026-08-25 17:19:00,2026-08-25
694,5.23,Clear,Medium,Morning,Scooter,19,4.0,37,501,2026-08-26 09:28:00,2026-08-26
58,4.32,,Medium,Morning,Bike,17,4.0,36,258,2026-08-27 06:03:00,2026-08-27
864,9.09,Rainy,Medium,Morning,Bike,6,7.0,43,928,2026-08-28 08:53:00,2026-08-28
913,12.67,Windy,Medium,Morning,Scooter,7,3.0,43,930,2026-08-29 08:04:00,2026-08-29
370,1.85,Clear,Medium,Evening,Bike,10,1.0,24,867,2026-08-30 17:39:00,2026-08-30
269,7.51,Rainy,Low,Evening,Car,27,6.0,50,53,2026-08-31 20:29:00,2026-08-31
47,6.58,Clear,Low,Afternoon,Bike,13,1.0,34,95,2026-09-01 16:35:00,2026-09-01
350,12.7,Clear,Low,Morning,Scooter,22,2.0,57,650,2026-09-02 11:57:00,2026-09-02
196,7.31,Foggy,Medium,Afternoon,Bike,26,2.0,65,434,2026-09-03 12:28:00,2026-09-03
1000,9.2,Clear,High,Morning,Scooter,9,9.0,48,850,2026-09-04 10:41:00,2026-09-04
835,10.22,Foggy,Low,Afternoon,Scooter,21,0.0,61,284,2026-09-05 13:20:00,2026-09-05
737,8.15,Clear,High,Evening,Scooter,12,9.0,43,46,2026-09-06 20:32:00,2026-09-06
264,10.61,Clear,Medium,Morning,Bike,17,0.0,59,4,2026-09-07 07:03:00,2026-09-07
444,7.73,Clear,High,Night,Bike,29,5.0,58,342,2026-09-08 22:06:00,2026-09-08
676,19.66,Clear,Low,Morning,Car,19,6.0,70,790,2026-09-09 08:45:00,2026-09-09
305,14.66,Snowy,High,Morning,Car,5,6.0,71,134,2026-08-20 06:32:00,2026-08-20
342,9.73,Clear,Low,Afternoon,Bike,29,6.0,60,653,2026-08-21 13:02:00,2026-08-21
967,14.52,Clear,Medium,Afternoon,Car,26,5.0,86,269,2026-08-22 13:45:00,2026-08-22
150,5.93,Foggy,High,,Scooter,27,1.0,106,166,2026-08-23 15:28:00,2026-08-23
125,4.94,Rainy,High,Evening,Scooter,28,4.0,63,760,2026-08-24 18:23:00,2026-08-24
787,11.88,Rainy,High,Afternoon,Car,29,9.0,78,453,2026-08-25 14:58:00,2026-08-25
51,19.41,Foggy,Medium,Morning,Car,7,6.0,66,565,2026-08-26 08:24:00,2026-08-26
354,3.68,,High,Afternoon,Car,16,6.0,47,723,2026-08-27 15:49:00,2026-08-27
928,11.06,Clear,High,Evening,Bike,6,9.0,53,438,2026-08-28 19:43:00,2026-08-28
143,10.2,Rainy,Medium,Afternoon,Bike,18,9.0,56,575,2026-08-29 16:03:00,2026-08-29
471,0.74,Rainy,Low,Morning,Car,13,4.0,21,10,2026-08-30 11:41:00,2026-08-30
400,15.21,Snowy,Medium,Afternoon,Bike,20,9.0,90,115,2026-08-31 14:04:00,2026-08-31
626,7.69,Rainy,High,Morning,Scooter,16,3.0,58,78,2026-09-01 08:06:00,2026-09-01
321,11.21,Clear,High,Afternoon,Scooter,23,1.0,76,968,2026-09-02 16:43:00,2026-09-02
20,6.18,Clear,Medium,Evening,Bike,9,9.0,35,905,2026-09-03 20:18:00,2026-09-03
810,2.71,Clear,Medium,Morning,Car,6,5.0,19,708,2026-09-04 08:46:00,2026-09-04
791,3.49,Clear,Medium,Morning,Bike,17,2.0,38,926,2026-09-05 11:58:00,2026-09-05
809,9.29,Clear,Medium,Morning,Bike,17,2.0,49,153,2026-09-06 10:55:00,2026-09-06
408,0.71,Foggy,Low,Night,Bike,29,1.0,41,559,2026-09-07 21:21:00,2026-09-07
538,5.32,Rainy,Low,Afternoon,Scooter,27,2.0,48,37,2026-09-08 12:37:00,2026-09-08
621,4.1,Clear,Medium,Evening,Car,18,3.0,38,855,2026-09-09 18:58:00,2026-09-09
39,13.84,Clear,Low,Morning,Scooter,18,,64,379,2026-08-20 08:19:00,2026-08-20
176,3.9,Rainy,High,Morning,Car,25,9.0,54,597,2026-08-21 11:44:00,2026-08-21
246,18.6,Rainy,Medium,Morning,Car,28,9.0,77,566,2026-08-22 11:25:00,2026-08-22
829,14.88,Snowy,Medium,Evening,Bike,10,0.0,64,152,2026-08-23 18:38:00,2026-08-23
668,3.63,Windy,Medium,Morning,Car,22,9.0,39,441,2026-08-24 11:05:00,2026-08-24
755,3.22,Windy,High,Morning,Car,7,7.0,27,131,2026-08-25 08:35:00,2026-08-25
859,11.51,Foggy,Low,Afternoon,Car,5,7.0,57,43,2026-08-26 15:41:00,2026-08-26
155,19.72,Rainy,Low,Afternoon,Bike,27,6.0,109,316,2026-08-27 14:52:00,2026-08-27
288,11.08,Clear,Low,Evening,Scooter,28,2.0,58,374,2026-08-28 18:42:00,2026-08-28
603,3.95,Clear,Medium,Morning,Car,28,5.0,47,921,2026-08-29 11:53:00,2026-08-29
570,7.29,Clear,High,Evening,Car,11,7.0,48,956,2026-08-30 17:41:00,2026-08-30
744,10.3,Clear,Low,Morning,Car,12,7.0,41,816,2026-08-31 11:27:00,2026-08-31
18,10.73,Rainy,High,Afternoon,Car,27,6.0,83,996,2026-09-01 16:23:00,2026-09-01
128,17.28,Clear,Low,Morning,Car,28,3.0,72,882,2026-09-02 06:23:00,2026-09-02
323,13.37,Foggy,Medium,Evening,Scooter,16,9.0,71,41,2026-09-03 19:11:00,2026-09-03
256,11.36,Clear,Medium,Morning,Scooter,8,2.0,52,921,2026-09-04 07:21:00,2026-09-04
658,7.58,Clear,High,Afternoon,Scooter,19,9.0,57,367,2026-09-05 15:12:00,2026-09-05
965,6.13,Rainy,High,,Bike,25,6.0,59,216,2026-09-06 11:08:00,2026-09-06
191,2.32,Clear,Low,Afternoon,Scooter,23,1.0,32,699,2026-09-07 13:04:00,2026-09-07
116,17.49,Rainy,Low,Evening,Bike,27,9.0,97,256,2026-09-08 19:54:00,2026-09-08
617,1.69,Windy,,Afternoon,Car,11,7.0,20,683,2026-09-09 12:32:00,2026-09-09
607,4.52,,Low,Evening,Car,17,0.0,71,106,2026-08-20 17:42:00,2026-08-20
181,7.15,Windy,Low,Morning,Bike,15,3.0,42,363,2026-08-21 08:56:00,2026-08-21
302,10.86,Windy,Medium,,Car,10,4.0,60,799,2026-08-22 20:39:00,2026-08-22
760,15.88,Rainy,Low,Evening,Car,17,1.0,68,574,2026-08-23 18:38:00,2026-08-23
713,9.7,Snowy,Low,Evening,Bike,6,,45,906,2026-08-24 20:09:00,2026-08-24
724,14.95,Clear,Medium,Morning,Bike,13,7.0,49,896,2026-08-25 07:11:00,2026-08-25
686,11.36,Foggy,Low,Afternoon,Bike,6,4.0,47,417,2026-08-26 16:51:00,2026-08-26
980,12.14,Foggy,High,Afternoon,Bike,12,0.0,65,998,2026-08-27 13:46:00,2026-08-27
518,16.31,Foggy,Medium,Afternoon,Car,14,7.0,71,636,2026-08-28 15:02:00,2026-08-28
985,14.7,Clear,Medium,Evening,Scooter,24,5.0,75,768,2026-08-29 20:23:00,2026-08-29
46,13.42,Rainy,Medium,Evening,Bike,6,6.0,105,159,2026-08-30 18:28:00,2026-08-30
910,7.9,Clear,Low,Afternoon,Scooter,22,,48,948,2026-08-31 16:18:00,2026-08-31
158,15.35,Foggy,Low,Morning,Car,5,3.0,56,953,2026-09-01 11:50:00,2026-09-01
852,15.12,Foggy,Low,Morning,Bike,14,1.0,58,243,2026-09-02 09:14:00,2026-09-02
172,0.82,Windy,Low,Morning,Car,18,9.0,23,886,2026-09-03 10:15:00,2026-09-03
17,6.43,Clear,Low,Evening,Car,9,7.0,26,167,2026-09-04 19:51:00,2026-09-04
512,8.66,Snowy,High,Morning,Bike,29,3.0,77,1000,2026-09-05 09:57:00,2026-09-05
49,11.16,Foggy,Medium,Afternoon,Car,21,4.0,77,820,2026-09-06 13:23:00,2026-09-06
972,18.77,Foggy,Low,Afternoon,Car,15,,71,831,2026-09-07 16:28:00,2026-09-07
941,5.84,Clear,,Evening,Bike,21,7.0,35,182,2026-09-08 20:49:00,2026-09-08
516,1.01,Clear,High,Night,Bike,17,7.0,29,903,2026-09-09 22:49:00,2026-09-09
953,3.92,Rainy,Medium,Night,Bike,20,9.0,41,423,2026-08-20 22:32:00,2026-08-20
481,12.77,Foggy,Low,Morning,Bike,22,8.0,71,26,2026-08-21 10:26:00,2026-08-21
284,2.33,Clear,Low,Evening,Bike,9,2.0,18,184,2026-08-22 18:52:00,2026-08-22
719,2.92,Windy,High,Afternoon,Bike,24,4.0,48,755,2026-08-23 13:51:00,2026-08-23
878,13.35,Rainy,Low,Evening,Scooter,14,4.0,91,947,2026-08-24 18:55:00,2026-08-24
226,5.26,Rainy,Medium,Evening,Scooter,28,8.0,51,341,2026-08-25 19:03:00,2026-08-25
27,4.39,Foggy,Medium,Night,Bike,12,8.0,38,802,2026-08-26 23:30:00,2026-08-26
955,8.67,Windy,High,Morning,Bike,20,4.0,55,954,2026-08-27 08:35:00,2026-08-27
438,16.53,Snowy,Low,Afternoon,Scooter,24,9.0,99,422,2026-08-28 12:45:00,2026-08-28
952,13.47,Clear,Medium,Evening,Bike,19,4.0,59,822,2026-08-29 17:18:00,2026-08-29
365,18.86,Snowy,Medium,Night,Bike,18,1.0,89,686,2026-08-30 21:48:00,2026-08-30
230,12.81,Clear,Low,Morning,Bike,12,2.0,51,885,2026-08-31 07:17:00,2026-08-31
38,2.4,Snowy,Low,Night,Scooter,27,5.0,42,753,2026-09-01 22:57:00,2026-09-01
966,7.44,Rainy,Medium,Evening,Bike,6,1.0,39,831,2026-09-02 18:53:00,2026-09-02
375,1.89,Clear,Medium,Evening,Scooter,13,7.0,22,255,2026-09-03 20:05:00,2026-09-03
470,19.28,Snowy,Medium,Morning,Car,21,3.0,101,274,2026-09-04 07:52:00,2026-09-04
968,6.29,,Medium,Morning,Scooter,10,7.0,27,164,2026-09-05 09:56:00,2026-09-05
851,1.81,Clear,Medium,Afternoon,Car,23,3.0,34,807,2026-09-06 14:59:00,2026-09-06
705,1.74,Clear,Medium,Night,Bike,23,2.0,34,719,2026-09-07 21:26:00,2026-09-07
842,13.44,Clear,Medium,Morning,Car,22,1.0,79,111,2026-09-08 06:25:00,2026-09-08
195,7.11,Clear,Low,Afternoon,Scooter,27,,48,392,2026-09-09 16:23:00,2026-09-09
855,4.5,Windy,Low,Evening,Scooter,20,6.0,32,894,2026-08-20 18:24:00,2026-08-20
865,8.31,Windy,Medium,Morning,Bike,6,5.0,44,40,2026-08-21 06:23:00,2026-08-21
504,16.37,Clear,High,Morning,Bike,26,7.0,97,880,2026-08-22 07:01:00,2026-08-22
970,9.78,Clear,Medium,Afternoon,Bike,18,3.0,58,482,2026-08-23 14:59:00,2026-08-23
831,4.88,Windy,Medium,Afternoon,Scooter,26,7.0,48,228,2026-08-24 12:53:00,2026-08-24
580,5.54,Rainy,Medium,,Scooter,28,9.0,51,205,2026-08-25 19:41:00,2026-08-25
969,11.54,Clear,High,Afternoon,Car,10,0.0,56,837,2026-08-26 14:50:00,2026-08-26
163,12.85,Clear,Low,Afternoon,Scooter,5,,54,941,2026-08-27 13:08:00,2026-08-27
909,5.56,Clear,Low,Afternoon,Scooter,19,5.0,31,472,2026-08-28 12:18:00,2026-08-28
153,3.33,,Medium,Evening,Scooter,24,2.0,44,359,2026-08-29 20:44:00,2026-08-29
802,3.47,Snowy,High,Night,Bike,24,9.0,53,313,2026-08-30 21:48:00,2026-08-30
994,12.01,Clear,Low,Morning,Scooter,26,6.0,57,841,2026-08-31 11:30:00,2026-08-31
756,15.98,Foggy,Low,Morning,Car,21,6.0,90,815,2026-09-01 09:39:00,2026-09-01
112,3.64,Clear,Low,Morning,Scooter,16,3.0,26,893,2026-09-02 06:57:00,2026-09-02
227,19.47,Clear,Low,Morning,Bike,16,8.0,83,234,2026-09-03 06:01:00,2026-09-03
689,15.51,Rainy,Medium,Morning,Scooter,10,8.0,81,229,2026-09-04 08:13:00,2026-09-04
104,10.42,Windy,Medium,Afternoon,Bike,28,3.0,72,25,2026-09-05 13:35:00,2026-09-05
422,15.9,Rainy,Low,Evening,Car,19,5.0,78,676,2026-09-06 20:07:00,2026-09-06
420,15.17,Windy,Low,Morning,Bike,25,4.0,77,198,2026-09-07 08:15:00,2026-09-07
751,2.78,Rainy,Low,,Bike,21,4.0,37,409,2026-09-08 12:07:00,2026-09-08
587,1.98,Rainy,Low,Afternoon,Bike,22,0.0,39,337,2026-09-09 12:15:00,2026-09-09
781,14.03,Clear,Low,Afternoon,Bike,17,2.0,65,286,2026-08-20 15:40:00,2026-08-20
673,2.06,Foggy,Medium,Evening,Scooter,22,4.0,40,886,2026-08-21 20:04:00,2026-08-21
120,11.02,Clear,High,Morning,Scooter,22,2.0,70,72,2026-08-22 06:53:00,2026-08-22
54,17.95,Snowy,High,Morning,Scooter,16,,96,991,2026-08-23 09:38:00,2026-08-23
152,5.17,Foggy,Low,Morning,Bike,29,0.0,56,792,2026-08-24 10:01:00,2026-08-24
404,16.62,Snowy,Low,Afternoon,Bike,26,8.0,94,286,2026-08-25 16:36:00,2026-08-25
946,0.71,Rainy,Low,Morning,Car,25,8.0,31,360,2026-08-26 07:45:00,2026-08-26
208,13.44,Clear,,Evening,Scooter,9,5.0,55,657,2026-08-27 18:18:00,2026-08-27
659,13.1,Clear,Low,Evening,Bike,28,2.0,72,522,2026-08-28 20:00:00,2026-08-28
844,19.24,Rainy,High,Afternoon,Bike,9,7.0,75,410,2026-08-29 16:22:00,2026-08-29
763,5.35,Clear,Medium,Afternoon,Scooter,24,6.0,43,696,2026-08-30 13:36:00,2026-08-30
9,12.22,Clear,Low,Evening,Scooter,15,0.0,56,864,2026-08-31 20:11:00,2026-08-31
808,18.55,Clear,Low,Afternoon,Car,11,9.0,69,550,2026-09-01 12:33:00,2026-09-01
37,6.44,Clear,Low,Afternoon,Car,18,2.0,43,340,2026-09-02 14:04:00,2026-09-02
453,8.77,Foggy,Medium,Evening,Car,14,7.0,49,962,2026-09-03 17:24:00,2026-09-03
652,10.97,Clear,Low,Afternoon,Scooter,27,3.0,51,29,2026-09-04 15:02:00,2026-09-04
254,6.68,Clear,High,Morning,Scooter,10,5.0,44,119,2026-09-05 11:24:00,2026-09-05
304,12.93,Rainy,Low,Afternoon,Scooter,25,0.0,61,899,2026-09-06 14:16:00,2026-09-06
747,7.99,Clear,Medium,Evening,Bike,18,4.0,42,994,2026-09-07 17:22:00,2026-09-07
572,15.78,Clear,High,Afternoon,Scooter,12,1.0,68,268,2026-09-08 12:22:00,2026-09-08
624,9.95,Windy,High,Evening,Scooter,21,5.0,72,183,2026-09-09 18:46:00,2026-09-09
733,13.47,Rainy,Low,Afternoon,Scooter,7,6.0,46,595,2026-08-20 12:49:00,2026-08-20
892,17.19,Clear,Medium,Afternoon,Bike,11,8.0,76,986,2026-08-21 16:47:00,2026-08-21
263,3.23,Clear,High,Afternoon,Bike,17,9.0,33,272,2026-08-22 14:08:00,2026-08-22
611,1.27,Foggy,High,Afternoon,Bike,25,9.0,46,40,2026-08-23 12:22:00,2026-08-23
298,4.71,Clear,Low,Morning,Bike,20,6.0,31,112,2026-08-24 10:21:00,2026-08-24
415,12.82,Rainy,Medium,Evening,Bike,28,9.0,72,611,2026-08-25 18:53:00,2026-08-25
151,18.21,,Low,Evening,Bike,6,3.0,74,445,2026-08-26 20:44:00,2026-08-26
789,9.51,Clear,High,Morning,Bike,26,9.0,63,354,2026-08-27 09:40:00,2026-08-27
641,0.89,Rainy,Low,Morning,Car,9,0.0,20,747,2026-08-28 07:51:00,2026-08-28
890,5.24,Windy,High,Afternoon,Scooter,26,8.0,51,806,2026-08-29 13:04:00,2026-08-29
551,10.64,Windy,Low,Evening,Car,11,9.0,36,322,2026-08-30 20:02:00,2026-08-30
887,13.23,Clear,Medium,Night,Bike,20,8.0,70,447,2026-08-31 22:12:00,2026-08-31
489,19.03,Clear,Medium,Morning,Scooter,8,8.0,65,621,2026-09-01 06:50:00,2026-09-01
148,10.3,Rainy,Low,Evening,Bike,29,0.0,73,524,2026-09-02 18:56:00,2026-09-02
147,12.39,Snowy,Medium,Evening,Bike,14,8.0,56,119,2026-09-03 17:20:00,2026-09-03
721,18.8,Clear,High,Afternoon,Bike,23,7.0,95,395,2026-09-04 14:32:00,2026-09-04
932,16.78,Rainy,Medium,Morning,Bike,22,1.0,70,922,2026-09-05 09:52:00,2026-09-05
740,7.85,Clear,Low,Afternoon,Scooter,7,9.0,34,591,2026-09-06 16:30:00,2026-09-06
660,11.63,Clear,Medium,Night,Scooter,29,7.0,57,195,2026-09-07 22:02:00,2026-09-07
349,7.8,Windy,Medium,Afternoon,Car,17,6.0,44,261,2026-09-08 13:18:00,2026-09-08
464,11.88,Rainy,Medium,Afternoon,Bike,5,1.0,63,46,2026-09-09 14:55:00,2026-09-09
326,14.89,Clear,High,Evening,Car,22,9.0,88,726,2026-08-20 17:55:00,2026-08-20
187,16.44,Rainy,High,Afternoon,Bike,12,,86,447,2026-08-21 14:17:00,2026-08-21
124,2.65,,Medium,Afternoon,Car,14,4.0,35,2,2026-08-22 12:51:00,2026-08-22
854,18.01,Foggy,High,Night,Bike,14,2.0,71,533,2026-08-23 22:27:00,2026-08-23
609,10.32,Clear,Medium,Night,Car,24,5.0,49,948,2026-08-24 22:47:00,2026-08-24
144,6.37,Rainy,Low,Afternoon,Car,29,4.0,56,826,2026-08-25 15:57:00,2026-08-25
959,3.74,Rainy,Low,Morning,Bike,19,6.0,36,552,2026-08-26 09:21:00,2026-08-26
198,17.99,Windy,High,Evening,Bike,5,1.0,73,704,2026-08-27 18:31:00,2026-08-27
610,13.96,Rainy,Low,Night,Bike,5,1.0,42,737,2026-08-28 23:31:00,2026-08-28
280,16.02,Clear,Low,Evening,Bike,20,7.0,61,963,2026-08-29 19:59:00,2026-08-29
294,7.52,,Medium,Afternoon,Car,17,9.0,44,760,2026-08-30 16:17:00,2026-08-30
401,2.51,Clear,Low,Morning,Bike,16,2.0,28,755,2026-08-31 06:46:00,2026-08-31
123,6.7,Foggy,High,Morning,Scooter,23,3.0,59,687,2026-09-01 09:05:00,2026-09-01
184,17.61,Windy,Low,Morning,Bike,5,8.0,61,202,2026-09-02 09:38:00,2026-09-02
203,3.65,Clear,Medium,Morning,Bike,29,9.0,46,373,2026-09-03 07:34:00,2026-09-03
439,14.27,Clear,Medium,Night,Car,24,3.0,77,442,2026-09-04 22:20:00,2026-09-04
247,8.85,Clear,Low,Afternoon,Bike,11,9.0,45,72,2026-09-05 12:05:00,2026-09-05
416,9.24,Windy,,Afternoon,Bike,8,2.0,49,972,2026-09-06 14:42:00,2026-09-06
933,19.7,Rainy,Low,Evening,Car,16,6.0,66,681,2026-09-07 19:19:00,2026-09-07
766,11.61,Clear,High,Morning,Car,19,1.0,67,943,2026-09-08 09:38:00,2026-09-08
907,16.44,Windy,High,Afternoon,Car,8,0.0,80,339,2026-09-09 15:10:00,2026-09-09
836,8.67,Rainy,High,Afternoon,Bike,12,7.0,104,639,2026-08-20 15:22:00,2026-08-20
888,5.14,Clear,Medium,Evening,Scooter,23,7.0,43,322,2026-08-21 20:02:00,2026-08-21
130,10.46,Clear,,Evening,Bike,25,3.0,68,680,2026-08-22 19:39:00,2026-08-22
638,5.23,Clear,Medium,Morning,Scooter,23,2.0,47,869,2026-08-23 09:17:00,2026-08-23
403,10.35,Clear,Medium,Night,Bike,7,9.0,48,128,2026-08-24 23:50:00,2026-08-24
785,4.04,Rainy,High,Evening,Bike,14,6.0,39,738,2026-08-25 17:04:00,2026-08-25
771,2.66,Clear,Low,Afternoon,Bike,16,8.0,21,922,2026-08-26 15:23:00,2026-08-26
736,17.61,Foggy,Medium,Afternoon,Bike,9,5.0,74,308,2026-08-27 16:51:00,2026-08-27
914,8.48,Clear,High,Night,Bike,11,5.0,39,520,2026-08-28 23:43:00,2026-08-28
220,17.06,Clear,Low,Evening,Bike,9,9.0,66,317,2026-08-29 18:01:00,2026-08-29
642,6.78,Foggy,Low,Night,Bike,18,6.0,42,683,2026-08-30 21:54:00,2026-08-30
916,9.0,Snowy,Medium,Afternoon,Car,29,3.0,78,419,2026-08-31 16:43:00,2026-08-31
753,12.74,Clear,Low,Afternoon,Scooter,12,0.0,63,335,2026-09-01 15:02:00,2026-09-01
807,18.72,Rainy,Medium,Afternoon,Bike,17,0.0,89,413,2026-09-02 13:04:00,2026-09-02
920,3.23,Clear,Low,,Bike,7,7.0,14,714,2026-09-03 11:49:00,2026-09-03
625,12.56,Clear,Low,Morning,Car,22,8.0,49,303,2026-09-04 11:23:00,2026-09-04
875,1.0,Snowy,Medium,Morning,Bike,28,0.0,51,568,2026-09-05 08:24:00,2026-09-05
761,3.46,Clear,Low,Morning,Bike,24,6.0,37,131,2026-09-06 10:02:00,2026-09-06
387,6.0,Snowy,Low,Morning,Car,20,8.0,53,197,2026-09-07 10:09:00,2026-09-07
973,14.79,Clear,Medium,Morning,Scooter,12,9.0,64,431,2026-09-08 11:28:00,2026-09-08
510,14.65,Snowy,High,Morning,Car,19,3.0,95,681,2026-09-09 08:23:00,2026-09-09
268,14.2,Clear,Medium,Afternoon,Bike,17,1.0,73,963,2026-08-20 15:48:00,2026-08-20
820,7.04,Clear,Low,Afternoon,Bike,11,8.0,38,389,2026-08-21 12:36:00,2026-08-21
442,19.74,Clear,,Afternoon,Car,16,1.0,98,694,2026-08-22 13:33:00,2026-08-22
497,11.88,Rainy,Medium,Evening,Bike,20,8.0,69,767,2026-08-23 19:25:00,2026-08-23
113,18.63,Clear,Low,Evening,Bike,26,8.0,75,925,2026-08-24 19:41:00,2026-08-24
692,8.8,Rainy,Medium,Afternoon,Bike,6,2.0,38,179,2026-08-25 14:15:00,2026-08-25
233,11.75,Clear,High,Morning,Bike,9,2.0,55,631,2026-08-26 06:01:00,2026-08-26
870,18.95,Snowy,Low,Morning,Car,27,0.0,92,583,2026-08-27 11:11:00,2026-08-27
608,7.6,Foggy,Low,Morning,Bike,16,4.0,48,309,2026-08-28 09:33:00,2026-08-28
672,17.99,Foggy,Low,Morning,Car,11,2.0,84,416,2026-08-29 09:58:00,2026-08-29
374,13.82,Clear,Medium,Evening,Bike,21,9.0,72,562,2026-08-30 17:16:00,2026-08-30
982,15.53,Foggy,Low,Evening,Bike,26,7.0,68,854,2026-08-31 19:45:00,2026-08-31
843,3.97,Clear,High,Afternoon,Bike,19,8.0,40,1,2026-09-01 15:13:00,2026-09-01
234,10.1,Clear,High,Morning,Car,17,6.0,55,312,2026-09-02 10:18:00,2026-09-02
786,18.21,Foggy,Low,Morning,Bike,5,1.0,70,294,2026-09-03 11:58:00,2026-09-03
677,2.68,Clear,Low,Morning,Bike,16,8.0,25,216,2026-09-04 09:12:00,2026-09-04
318,3.88,Snowy,Low,Morning,Bike,9,6.0,33,441,2026-09-05 06:08:00,2026-09-05
649,15.89,Snowy,Medium,Afternoon,Car,15,9.0,91,805,2026-09-06 12:28:00,2026-09-06
411,6.73,Clear,Medium,Afternoon,Bike,21,1.0,54,594,2026-09-07 13:57:00,2026-09-07
899,0.75,Clear,Medium,Afternoon,Bike,10,5.0,16,622,2026-09-08 15:05:00,2026-09-08
710,13.79,Rainy,Low,Night,Scooter,11,0.0,69,671,2026-09-09 23:54:00,2026-09-09
359,18.83,Clear,Medium,Evening,Scooter,5,8.0,69,330,2026-08-20 19:42:00,2026-08-20
259,11.62,Clear,Low,Afternoon,Bike,9,8.0,33,477,2026-08-21 14:45:00,2026-08-21
745,5.03,Clear,Medium,Morning,Bike,17,,38,453,2026-08-22 06:35:00,2026-08-22
628,15.08,Rainy,Medium,Evening,Scooter,26,1.0,94,453,2026-08-23 19:57:00,2026-08-23
633,10.48,Rainy,Low,Afternoon,Car,10,7.0,45,692,2026-08-24 14:54:00,2026-08-24
283,7.82,Rainy,Medium,Evening,Bike,16,8.0,45,219,2026-08-25 18:45:00,2026-08-25
377,16.98,Clear,Low,,Bike,11,6.0,78,524,2026-08-26 19:59:00,2026-08-26
385,14.83,Rainy,Low,Morning,Car,19,4.0,126,485,2026-08-27 11:40:00,2026-08-27
225,5.67,Clear,Low,Morning,Scooter,11,9.0,27,813,2026-08-28 07:50:00,2026-08-28
954,18.33,Snowy,Medium,Morning,Scooter,5,5.0,67,923,2026-08-29 08:32:00,2026-08-29
815,17.46,Clear,Medium,Morning,Scooter,6,,62,983,2026-08-30 07:07:00,2026-08-30
473,1.34,Foggy,High,Evening,Bike,9,5.0,30,816,2026-08-31 18:50:00,2026-08-31
348,1.38,Clear,Low,Morning,Scooter,13,9.0,17,754,2026-09-01 07:15:00,2026-09-01
506,3.67,Clear,Low,,Bike,9,0.0,26,174,2026-09-02 20:31:00,2026-09-02
640,7.86,Windy,Medium,Morning,Car,22,2.0,55,675,2026-09-03 06:23:00,2026-09-03
988,8.98,Clear,Medium,Afternoon,Scooter,22,8.0,105,87,2026-09-04 16:36:00,2026-09-04
929,12.85,Rainy,Medium,Evening,Scooter,6,7.0,61,291,2026-09-05 19:29:00,2026-09-05
906,17.91,Clear,Low,Afternoon,Bike,6,7.0,68,528,2026-09-06 16:08:00,2026-09-06
620,15.09,Snowy,Low,Morning,Car,20,7.0,68,680,2026-09-07 10:56:00,2026-09-07
856,4.22,Clear,Medium,Morning,Bike,16,7.0,35,649,2026-09-08 06:04:00,2026-09-08
804,12.33,Clear,High,Night,Bike,7,2.0,101,635,2026-09-09 22:25:00,2026-09-09
646,17.87,Snowy,Low,Morning,Scooter,29,4.0,87,344,2026-08-20 11:46:00,2026-08-20
847,2.16,Clear,Medium,Night,Car,10,1.0,23,96,2026-08-21 22:33:00,2026-08-21
557,3.11,Rainy,Medium,Morning,Scooter,21,1.0,43,839,2026-08-22 09:49:00,2026-08-22
958,1.42,Clear,High,Afternoon,Scooter,24,2.0,40,975,2026-08-23 15:52:00,2026-08-23
578,18.57,Rainy,Medium,Afternoon,Bike,16,7.0,89,770,2026-08-24 16:04:00,2026-08-24
796,17.51,Clear,Medium,Evening,Bike,15,3.0,60,241,2026-08-25 18:20:00,2026-08-25
86,6.84,Clear,Medium,Evening,Bike,25,1.0,51,689,2026-08-26 17:28:00,2026-08-26
243,18.34,Snowy,Medium,Afternoon,Scooter,22,,91,318,2026-08-27 15:43:00,2026-08-27
699,3.51,Windy,Medium,Night,Bike,22,2.0,44,231,2026-08-28 23:22:00,2026-08-28
160,14.7,Clear,Medium,Morning,Scooter,6,2.0,58,826,2026-08-29 07:56:00,2026-08-29
525,16.85,Clear,High,Morning,Car,17,4.0,71,204,2026-08-30 10:40:00,2026-08-30
36,16.26,Rainy,Low,Morning,Car,27,5.0,66,151,2026-08-31 10:11:00,2026-08-31
541,19.1,Snowy,Medium,Morning,Bike,25,6.0,90,26,2026-09-01 07:27:00,2026-09-01
171,13.71,Rainy,Medium,Evening,Bike,22,9.0,64,48,2026-09-02 17:53:00,2026-09-02
655,8.92,Clear,Medium,,Bike,10,1.0,51,251,2026-09-03 09:33:00,2026-09-03
891,14.58,Clear,Low,Evening,Bike,23,0.0,70,487,2026-09-04 18:19:00,2026-09-04
858,9.71,Clear,Low,Afternoon,Car,27,5.0,61,626,2026-09-05 13:10:00,2026-09-05
848,19.94,Clear,Low,Afternoon,Bike,26,6.0,83,871,2026-09-06 14:59:00,2026-09-06
945,4.53,Snowy,Medium,Morning,Scooter,18,4.0,49,787,2026-09-07 11:14:00,2026-09-07
734,10.7,Clear,High,Afternoon,Car,8,4.0,57,75,2026-09-08 14:33:00,2026-09-08
96,10.13,Clear,Medium,Evening,Bike,22,0.0,65,467,2026-09-09 19:54:00,2026-09-09
564,0.78,Clear,Low,Afternoon,Bike,11,0.0,18,425,2026-08-20 12:16:00,2026-08-20
241,18.84,Foggy,Medium,Afternoon,Scooter,25,8.0,88,908,2026-08-21 13:40:00,2026-08-21
743,15.08,Snowy,Low,Evening,Bike,29,7.0,84,645,2026-08-22 19:08:00,2026-08-22
575,17.32,Clear,Low,Evening,Scooter,10,3.0,77,590,2026-08-23 19:39:00,2026-08-23
691,6.81,Clear,Medium,Evening,Bike,23,2.0,47,200,2026-08-24 17:32:00,2026-08-24
461,2.79,Clear,High,Morning,Bike,23,7.0,38,736,2026-08-25 11:10:00,2026-08-25
554,11.44,Foggy,High,Afternoon,Car,14,4.0,74,714,2026-08-26 16:37:00,2026-08-26
889,2.44,Snowy,High,Evening,Bike,13,9.0,39,394,2026-08-27 18:10:00,2026-08-27
207,2.48,Rainy,Low,Evening,Scooter,20,8.0,30,507,2026-08-28 19:53:00,2026-08-28
393,7.75,,Medium,Evening,Scooter,21,1.0,55,410,2026-08-29 17:52:00,2026-08-29
795,0.85,Clear,Medium,Morning,Bike,9,8.0,17,250,2026-08-30 06:05:00,2026-08-30
398,8.87,Clear,Low,Evening,Bike,19,3.0,55,152,2026-08-31 17:41:00,2026-08-31
767,15.37,Snowy,Medium,Afternoon,Car,15,5.0,66,672,2026-09-01 16:16:00,2026-09-01
849,10.29,Foggy,Medium,Evening,Scooter,25,4.0,67,705,2026-09-02 18:49:00,2026-09-02
218,15.06,Rainy,Low,Morning,Bike,22,4.0,65,6,2026-09-03 10:26:00,2026-09-03
5,3.54,Foggy,Low,,Bike,23,7.0,37,915,2026-09-04 17:40:00,2026-09-04
769,7.17,Clear,Medium,Morning,Scooter,7,9.0,29,769,2026-09-05 06:31:00,2026-09-05
643,4.62,Rainy,Medium,Afternoon,Car,8,3.0,33,882,2026-09-06 16:18:00,2026-09-06
930,5.53,Clear,Low,Morning,Car,10,8.0,27,789,2026-09-07 11:19:00,2026-09-07
613,12.74,Rainy,Low,Afternoon,Bike,17,9.0,63,907,2026-09-08 15:15:00,2026-09-08
739,9.06,Clear,High,Evening,Bike,26,3.0,61,110,2026-09-09 20:19:00,2026-09-09
547,2.71,Foggy,Low,Morning,Bike,6,0.0,28,798,2026-08-20 09:04:00,2026-08-20
726,16.92,Clear,Low,Night,Bike,23,5.0,78,436,2026-08-21 23:03:00,2026-08-21
684,13.54,Foggy,Low,Morning,Bike,11,1.0,54,225,2026-08-22 07:28:00,2026-08-22
99,1.0,Snowy,Medium,Morning,Bike,25,4.0,44,181,2026-08-23 09:30:00,2026-08-23
805,8.77,Clear,Medium,Morning,Car,12,2.0,42,824,2026-08-24 09:13:00,2026-08-24
728,16.01,Windy,Low,Morning,Car,28,0.0,84,981,2026-08-25 08:38:00,2026-08-25
574,12.63,Foggy,Medium,Night,Scooter,8,8.0,49,713,2026-08-26 21:20:00,2026-08-26
407,8.09,Foggy,Low,Evening,Car,22,2.0,56,531,2026-08-27 19:46:00,2026-08-27
503,6.54,Clear,Medium,Night,Bike,10,7.0,39,476,2026-08-28 22:25:00,2026-08-28
48,10.64,Clear,Medium,Afternoon,Scooter,14,5.0,45,52,2026-08-29 13:48:00,2026-08-29
33,1.77,Clear,Medium,Evening,Bike,14,9.0,22,571,2026-08-30 19:32:00,2026-08-30
780,13.0,Foggy,Low,Evening,Bike,25,7.0,77,256,2026-08-31 17:20:00,2026-08-31
840,12.83,Clear,Low,Evening,Bike,5,8.0,50,940,2026-09-01 18:29:00,2026-09-01
201,13.02,Snowy,High,Afternoon,Car,6,9.0,65,869,2026-09-02 12:17:00,2026-09-02
135,18.89,Rainy,Medium,Morning,Scooter,22,1.0,74,125,2026-09-03 09:15:00,2026-09-03
28,10.53,Foggy,High,Evening,Bike,25,8.0,72,468,2026-09-04 18:06:00,2026-09-04
881,5.01,Rainy,Low,Afternoon,Bike,10,5.0,31,137,2026-09-05 12:18:00,2026-09-05
231,16.0,Foggy,Medium,Afternoon,Scooter,13,3.0,65,821,2026-09-06 15:55:00,2026-09-06
490,17.86,Clear,Low,Afternoon,Scooter,16,8.0,83,476,2026-09-07 16:26:00,2026-09-07
773,2.99,Foggy,High,Afternoon,Bike,9,5.0,90,684,2026-09-08 13:55:00,2026-09-08
379,16.38,Clear,Medium,Morning,Bike,6,2.0,51,544,2026-09-09 07:52:00,2026-09-09
289,6.09,Clear,Medium,Night,Bike,7,4.0,27,573,2026-08-20 22:59:00,2026-08-20
419,13.61,Clear,Low,Morning,Bike,26,0.0,66,610,2026-08-21 10:46:00,2026-08-21
675,8.5,Snowy,High,Evening,Bike,14,7.0,56,325,2026-08-22 19:12:00,2026-08-22
392,8.55,Clear,Low,Evening,Scooter,28,8.0,46,973,2026-08-23 18:31:00,2026-08-23
593,4.05,Clear,Medium,Afternoon,Scooter,21,5.0,39,774,2026-08-24 16:29:00,2026-08-24
499,19.5,Clear,High,Morning,Bike,18,2.0,73,913,2026-08-25 09:56:00,2026-08-25
139,7.59,Clear,,Afternoon,Scooter,16,3.0,37,454,2026-08-26 14:31:00,2026-08-26
63,16.66,Snowy,High,Afternoon,Scooter,29,7.0,95,628,2026-08-27 12:05:00,2026-08-27
472,19.41,Snowy,High,Evening,Car,21,3.0,100,835,2026-08-28 20:32:00,2026-08-28
648,13.74,Foggy,Medium,Afternoon,Bike,6,1.0,56,737,2026-08-29 15:15:00,2026-08-29
129,0.64,Clear,High,Night,Bike,10,3.0,24,914,2026-08-30 21:37:00,2026-08-30
977,12.1,Clear,High,Afternoon,Bike,11,0.0,53,517,2026-08-31 14:03:00,2026-08-31
521,12.09,Clear,Medium,Morning,Car,13,1.0,60,437,2026-09-01 06:18:00,2026-09-01
839,11.82,Windy,Medium,Night,Bike,24,7.0,77,851,2026-09-02 22:38:00,2026-09-02
963,5.28,Foggy,Low,Morning,Bike,27,6.0,53,929,2026-09-03 11:43:00,2026-09-03
65,5.98,Clear,Low,Evening,Car,22,9.0,35,562,2026-09-04 20:18:00,2026-09-04
813,2.93,Clear,Medium,Morning,Bike,24,8.0,94,457,2026-09-05 10:00:00,2026-09-05
15,4.05,Snowy,Medium,Evening,Scooter,19,2.0,50,919,2026-09-06 17:27:00,2026-09-06
157,13.61,Clear,Low,,Scooter,12,2.0,43,163,2026-09-07 10:56:00,2026-09-07
41,2.88,Rainy,,Morning,Car,16,4.0,41,762,2026-09-08 08:46:00,2026-09-08
493,5.91,Clear,Medium,Evening,Scooter,29,4.0,57,883,2026-09-09 19:48:00,2026-09-09
380,6.0,Rainy,Medium,Evening,Scooter,21,2.0,47,487,2026-08-20 20:23:00,2026-08-20
188,11.33,Clear,Medium,Afternoon,Scooter,29,7.0,77,461,2026-08-21 12:25:00,2026-08-21
764,15.01,Clear,Medium,Morning,Bike,15,6.0,64,266,2026-08-22 06:36:00,2026-08-22
217,6.85,Clear,High,Morning,Bike,16,5.0,48,770,2026-08-23 10:12:00,2026-08-23
792,11.93,Snowy,High,Morning,Car,7,1.0,75,254,2026-08-24 08:35:00,2026-08-24
53,18.82,Windy,Low,Morning,Car,5,3.0,77,861,2026-08-25 08:04:00,2026-08-25
879,1.03,Clear,Medium,Afternoon,Bike,19,4.0,29,653,2026-08-26 15:32:00,2026-08-26
338,14.22,Rainy,,Evening,Car,25,8.0,84,284,2026-08-27 20:48:00,2026-08-27
749,18.18,Snowy,High,,Bike,17,3.0,85,785,2026-08-28 16:17:00,2026-08-28
720,14.75,Clear,Low,Morning,Car,10,7.0,62,797,2026-08-29 10:43:00,2026-08-29
725,11.7,Rainy,Low,Afternoon,Bike,17,5.0,60,534,2026-08-30 16:07:00,2026-08-30
296,10.68,Clear,Low,Morning,Bike,14,1.0,42,497,2026-08-31 07:06:00,2026-08-31
702,1.51,Clear,High,Evening,Bike,26,1.0,44,642,2026-09-01 20:23:00,2026-09-01
252,8.01,Clear,High,Morning,Bike,8,6.0,48,245,2026-09-02 08:35:00,2026-09-02
727,3.23,Rainy,Low,Morning,Car,25,7.0,42,282,2026-09-03 08:48:00,2026-09-03
462,13.16,Rainy,High,Morning,Scooter,25,8.0,68,451,2026-09-04 07:12:00,2026-09-04
456,10.11,Windy,Low,Morning,Bike,11,4.0,44,80,2026-09-05 10:32:00,2026-09-05
997,18.39,Windy,Low,Afternoon,Bike,24,6.0,74,731,2026-09-06 15:32:00,2026-09-06
816,10.62,Windy,Medium,Afternoon,Car,22,5.0,54,293,2026-09-07 12:02:00,2026-09-07
863,10.73,Clear,,Afternoon,Bike,7,5.0,57,241,2026-09-08 12:08:00,2026-09-08
270,6.23,Clear,Medium,Evening,Car,20,1.0,51,279,2026-09-09 19:51:00,2026-09-09
202,2.14,Clear,Low,Afternoon,Bike,25,1.0,36,344,2026-08-20 15:33:00,2026-08-20
162,12.83,Clear,Medium,Morning,Bike,19,2.0,76,328,2026-08-21 09:09:00,2026-08-21
556,8.37,Clear,High,Evening,Scooter,13,7.0,42,915,2026-08-22 18:20:00,2026-08-22
730,3.69,Rainy,Medium,Afternoon,Bike,8,8.0,27,554,2026-08-23 16:20:00,2026-08-23
402,18.1,Clear,Low,Morning,Scooter,8,5.0,77,83,2026-08-24 07:25:00,2026-08-24
703,7.06,Clear,Low,Afternoon,Scooter,26,5.0,51,142,2026-08-25 16:47:00,2026-08-25
477,1.94,Foggy,Low,Night,Bike,10,1.0,25,155,2026-08-26 22:37:00,2026-08-26
822,0.59,Clear,Low,Afternoon,Bike,21,0.0,27,237,2026-08-27 14:32:00,2026-08-27
772,17.01,Snowy,Low,Night,Bike,28,6.0,97,393,2026-08-28 23:34:00,2026-08-28
106,5.36,Clear,Low,Afternoon,Scooter,11,4.0,30,711,2026-08-29 15:45:00,2026-08-29
566,12.0,Clear,Low,Evening,Car,25,0.0,75,157,2026-08-30 19:30:00,2026-08-30
390,16.23,Clear,Medium,Evening,Bike,6,0.0,54,724,2026-08-31 17:23:00,2026-08-31
2,19.04,Rainy,Low,Evening,Car,12,6.0,60,220,2026-09-01 19:43:00,2026-09-01
938,18.33,Foggy,Medium,Morning,Scooter,19,0.0,98,66,2026-09-02 06:26:00,2026-09-02
983,2.58,Clear,Medium,Morning,Scooter,25,7.0,37,425,2026-09-03 10:19:00,2026-09-03
562,4.65,Clear,Medium,Evening,Bike,21,1.0,46,418,2026-09-04 17:38:00,2026-09-04
81,17.33,Snowy,Low,Evening,Scooter,12,3.0,79,339,2026-09-05 20:16:00,2026-09-05
206,0.68,Snowy,High,Evening,Bike,29,8.0,50,556,2026-09-06 18:46:00,2026-09-06
35,19.33,Clear,Medium,Morning,Bike,7,8.0,73,478,2026-09-07 06:37:00,2026-09-07
776,3.42,Clear,Medium,Night,Car,11,9.0,24,426,2026-09-08 22:10:00,2026-09-08
509,19.02,Rainy,High,Evening,Scooter,22,1.0,106,64,2026-09-09 20:09:00,2026-09-09
428,17.81,Windy,High,Evening,Bike,21,4.0,122,212,2026-08-20 18:02:00,2026-08-20
455,2.67,Clear,Medium,Night,Car,17,6.0,28,853,2026-08-21 23:44:00,2026-08-21
367,19.24,Snowy,Low,,Bike,26,1.0,114,431,2026-08-22 09:12:00,2026-08-22
92,14.41,Rainy,,Night,Bike,16,6.0,85,399,2026-08-23 21:28:00,2026-08-23
340,2.41,,Medium,Evening,Bike,15,9.0,25,927,2026-08-24 19:26:00,2026-08-24
898,17.98,Clear,Low,Evening,Bike,5,8.0,45,789,2026-08-25 18:26:00,2026-08-25
565,7.34,Foggy,Medium,Afternoon,Bike,22,5.0,93,599,2026-08-26 13:26:00,2026-08-26
346,12.51,Clear,Medium,Evening,Bike,18,5.0,62,969,2026-08-27 20:55:00,2026-08-27
777,4.97,Rainy,Low,Evening,Bike,17,9.0,34,713,2026-08-28 17:45:00,2026-08-28
242,19.1,Snowy,Low,Afternoon,Bike,18,1.0,101,21,2026-08-29 13:33:00,2026-08-29
14,4.64,Clear,Low,Afternoon,Bike,15,9.0,24,878,2026-08-30 13:35:00,2026-08-30
316,14.07,Rainy,Low,Evening,Bike,10,5.0,63,902,2026-08-31 19:42:00,2026-08-31
601,3.79,Clear,Medium,Morning,Bike,13,2.0,34,784,2026-09-01 09:33:00,2026-09-01
388,3.96,Clear,Medium,Afternoon,Bike,23,,44,590,2026-09-02 15:20:00,2026-09-02
274,18.31,Clear,Medium,Afternoon,Bike,25,3.0,79,390,2026-09-03 13:29:00,2026-09-03
167,6.76,Foggy,Medium,Night,Bike,7,6.0,42,489,2026-09-04 23:21:00,2026-09-04
841,0.76,Clear,Low,Afternoon,Car,26,9.0,28,7,2026-09-05 16:22:00,2026-09-05
993,5.81,Rainy,Medium,Evening,Bike,14,8.0,41,966,2026-09-06 19:39:00,2026-09-06
647,12.08,Clear,High,Afternoon,Scooter,16,4.0,60,361,2026-09-07 15:12:00,2026-09-07
819,1.57,Rainy,Low,Evening,Car,16,1.0,30,306,2026-09-08 18:17:00,2026-09-08
485,11.89,Clear,Medium,Afternoon,Bike,28,0.0,79,772,2026-09-09 16:19:00,2026-09-09
981,7.02,Clear,Medium,Evening,Car,23,2.0,53,400,2026-08-20 18:19:00,2026-08-20
505,13.85,Clear,Low,Evening,Bike,29,5.0,71,874,2026-08-21 19:45:00,2026-08-21
832,9.32,Rainy,Medium,Evening,Scooter,24,2.0,71,914,2026-08-22 18:44:00,2026-08-22
244,7.72,Foggy,High,Evening,Bike,19,4.0,64,977,2026-08-23 20:20:00,2026-08-23
567,8.15,Rainy,Low,Afternoon,Bike,26,2.0,50,856,2026-08-24 15:22:00,2026-08-24
876,3.54,Rainy,Medium,Afternoon,Scooter,17,4.0,41,430,2026-08-25 16:59:00,2026-08-25
563,3.16,Snowy,Low,Morning,Car,9,,27,552,2026-08-26 11:17:00,2026-08-26
687,11.65,Windy,Low,Night,Bike,10,3.0,53,766,2026-08-27 22:07:00,2026-08-27
190,5.22,Snowy,Medium,,Scooter,14,3.0,43,753,2026-08-28 17:43:00,2026-08-28
783,5.41,Clear,High,Morning,Scooter,17,6.0,38,560,2026-08-29 10:24:00,2026-08-29
700,9.88,Rainy,Medium,Morning,Car,7,0.0,43,820,2026-08-30 09:52:00,2026-08-30
476,19.86,Rainy,High,Evening,Bike,12,8.0,71,618,2026-08-31 19:49:00,2026-08-31
682,5.53,Windy,High,Morning,Bike,23,4.0,59,920,2026-09-01 07:18:00,2026-09-01
511,12.46,Foggy,Low,Afternoon,Bike,10,1.0,62,226,2026-09-02 12:18:00,2026-09-02
59,1.38,Clear,Medium,Morning,Car,6,3.0,17,500,2026-09-03 11:05:00,2026-09-03
475,10.79,Clear,Medium,Evening,Scooter,24,1.0,65,225,2026-09-04 19:59:00,2026-09-04
561,14.23,Clear,Medium,Afternoon,Scooter,23,7.0,70,280,2026-09-05 15:41:00,2026-09-05
857,1.21,Snowy,Low,Afternoon,Bike,22,1.0,39,447,2026-09-06 14:47:00,2026-09-06
748,11.1,Clear,Low,Afternoon,Bike,18,7.0,56,498,2026-09-07 15:13:00,2026-09-07
253,17.1,Clear,Medium,Evening,Bike,25,5.0,65,30,2026-09-08 18:52:00,2026-09-08
22,3.22,Clear,Medium,Afternoon,Bike,19,9.0,32,399,2026-09-09 16:17:00,2026-09-09
314,19.27,Foggy,Medium,Morning,Car,29,9.0,85,345,2026-08-20 10:44:00,2026-08-20
460,2.82,Rainy,Medium,Evening,Scooter,10,1.0,29,685,2026-08-21 19:08:00,2026-08-21
161,7.67,Foggy,Medium,Afternoon,Scooter,22,8.0,59,696,2026-08-22 12:39:00,2026-08-22
277,16.07,Clear,Medium,Evening,Bike,16,5.0,64,818,2026-08-23 18:15:00,2026-08-23
956,7.97,Windy,Medium,Evening,Scooter,9,8.0,35,415,2026-08-24 17:42:00,2026-08-24
192,18.0,Rainy,High,Night,Car,22,,98,742,2026-08-25 23:14:00,2026-08-25
386,16.17,Clear,Medium,Evening,Scooter,12,2.0,78,170,2026-08-26 18:03:00,2026-08-26
806,14.86,,High,Night,Scooter,15,4.0,91,861,2026-08-27 21:26:00,2026-08-27
414,11.68,Clear,,Afternoon,Scooter,25,7.0,70,479,2026-08-28 14:45:00,2026-08-28
492,12.59,Clear,Low,Evening,Scooter,10,2.0,39,942,2026-08-29 20:06:00,2026-08-29
344,8.96,Snowy,,Morning,Car,6,5.0,51,131,2026-08-30 11:49:00,2026-08-30
770,16.51,Clear,Medium,Morning,Bike,7,1.0,79,638,2026-08-31 07:00:00,2026-08-31
309,16.01,Clear,Low,Afternoon,Car,12,4.0,72,547,2026-09-01 16:59:00,2026-09-01
662,19.74,Rainy,High,Afternoon,Scooter,11,7.0,81,28,2026-09-02 13:26:00,2026-09-02
131,8.64,Snowy,Low,Evening,Bike,29,4.0,62,929,2026-09-03 20:30:00,2026-09-03
664,5.13,Clear,Medium,Morning,Car,16,1.0,38,404,2026-09-04 11:12:00,2026-09-04
872,5.78,Clear,High,Morning,Bike,11,5.0,38,607,2026-09-05 08:20:00,2026-09-05
100,2.6,Clear,Low,Afternoon,Bike,16,1.0,29,578,2026-09-06 14:41:00,2026-09-06
373,2.34,Foggy,Medium,Morning,Bike,8,2.0,28,679,2026-09-07 06:58:00,2026-09-07
88,12.93,Clear,Medium,Morning,Scooter,20,8.0,58,28,2026-09-08 06:41:00,2026-09-08
459,1.6,Clear,Medium,Evening,Bike,14,8.0,24,86,2026-09-09 18:34:00,2026-09-09
331,7.44,Rainy,Low,Evening,Bike,27,,53,659,2026-08-20 17:58:00,2026-08-20
215,14.39,Rainy,Medium,Morning,Scooter,6,,50,439,2026-08-21 07:26:00,2026-08-21
467,6.07,,Low,Afternoon,Bike,18,4.0,35,139,2026-08-22 13:59:00,2026-08-22
122,17.97,Windy,Medium,Morning,Scooter,28,7.0,92,888,2026-08-23 06:53:00,2026-08-23
615,17.53,Clear,Low,Afternoon,Bike,14,6.0,79,473,2026-08-24 15:50:00,2026-08-24
21,12.43,Rainy,High,Morning,Bike,13,6.0,70,187,2026-08-25 09:11:00,2026-08-25
701,10.89,Windy,Medium,Evening,Bike,7,0.0,58,52,2026-08-26 19:56:00,2026-08-26
72,4.37,Clear,Medium,Evening,Scooter,6,7.0,25,267,2026-08-27 17:00:00,2026-08-27
107,8.5,Clear,High,Evening,Car,13,3.0,54,389,2026-08-28 19:36:00,2026-08-28
271,16.28,Rainy,Low,Morning,Scooter,8,9.0,71,336,2026-08-29 10:06:00,2026-08-29
861,15.62,Snowy,High,Evening,Scooter,26,2.0,81,217,2026-08-30 19:18:00,2026-08-30
436,14.17,Clear,Low,Afternoon,Bike,8,0.0,55,466,2026-08-31 15:41:00,2026-08-31
103,6.63,Foggy,Low,Night,Scooter,24,3.0,58,335,2026-09-01 23:33:00,2026-09-01
